Binomial.1.2,order,family,genus,iucn_status,common_name,guild_with_omnivore,guild_only_herbivory,fermentation_simple,trophic_level_herbivore,source_herbi,herbivore_fg_own,herbi_body_mass_bins,mass_kg,mass_kg_carni,maximum_prey_size,largest_accessible_prey_size,prey_range_bins,group_hunting,hunting_style,carnivore_fg_own,source_carni,trophic_level_carni,trophic_level,species,browser,grazer,mixed_feeder,omnivore,feeding_type,fermentation_type,mr_mass_kg,hempson_herbivore_group,trophic_level_hempson
Acinonyx_jubatus,Carnivora,Felidae,Acinonyx,VU,,,,,medium herbivore,Phylacine,not_complete,5,46.7,46.7,971.7837,507.531930042116,3,cooperative hunter,Pursuit,large prey predatorcooperative hunterPursuit,CarniTRAITS,large prey predator,large prey predator,Acinonyx jubatus,,,,,Predator,Shortgut,35.025,,large prey predator
Addax_nasomaculatus,Cetartiodactyla,Bovidae,Addax,CR,Addax,Grazer,Grazer,Foregut,medium herbivore,HerbiTRAITS,s2GrazerForegut,6,70.0003,,,,,,,,,,medium herbivore,Addax nasomaculatus,0,1,0,0,Grazer,Foregut,52.500225,,
Aepyceros_melampus,Cetartiodactyla,Bovidae,Aepyceros,LC,Impala,Mixed Feeder,Mixed Feeder,Foregut,medium herbivore,HerbiTRAITS,s2Mixed FeederForegut,6,52.5001,,,,,,,,,,medium herbivore,Aepyceros melampus,0,0,1,0,Mixed Feeder,Foregut,39.375075,Water-dependent grazers,Water-dependent grazers
Ailuropoda_melanoleuca,Carnivora,Ursidae,Ailuropoda,VU,Giant Panda,Browser,Browser,Simple,large herbivore,HerbiTRAITS,s3BrowserSimple,7,108.4,,,,,,,,,,large herbivore,Ailuropoda melanoleuca,1,0,0,0,Browser,Simple,81.3,,
Alcelaphus_buselaphus,Cetartiodactyla,Bovidae,Alcelaphus,LC,Hartebeest,Grazer,Grazer,Foregut,large herbivore,HerbiTRAITS,s3GrazerForegut,8,171.0015,,,,,,,,,,large herbivore,Alcelaphus buselaphus,0,1,0,0,Grazer,Foregut,128.251125,,
Alces_alces,Cetartiodactyla,Cervidae,Alces,LC,Moose,Browser,Browser,Foregut,large herbivore,HerbiTRAITS,s3BrowserForegut,9,356.998,,,,,,,,,,large herbivore,Alces alces,1,0,0,0,Browser,Foregut,267.7485,,
Ammodorcas_clarkei,Cetartiodactyla,Bovidae,Ammodorcas,VU,Dibatag,Browser,Browser,Foregut,small herbivore,HerbiTRAITS,s1BrowserForegut,4,28.0498,,,,,,,,,,small herbivore,Ammodorcas clarkei,1,0,0,0,Browser,Foregut,21.03735,Small nonsocial browsers,Small nonsocial browsers
Ammotragus_lervia,Cetartiodactyla,Bovidae,Ammotragus,VU,Aoudad,Mixed Feeder,Mixed Feeder,Foregut,medium herbivore,HerbiTRAITS,s2Mixed FeederForegut,5,48,,,,,,,,,,medium herbivore,Ammotragus lervia,0,0,1,0,Mixed Feeder,Foregut,36,Medium-sized social mixed diets,Medium-sized social mixed diets
Antidorcas_marsupialis,Cetartiodactyla,Bovidae,Antidorcas,LC,Springbok,Browser,Browser,Foregut,small herbivore,HerbiTRAITS,s1BrowserForegut,4,31.5,,,,,,,,,,small herbivore,Antidorcas marsupialis,1,0,0,0,Browser,Foregut,23.625,Medium-sized social mixed diets,Medium-sized social mixed diets
Antilocapra_americana,Cetartiodactyla,Antilocapridae,Antilocapra,LC,Pronghorn,Browser,Browser,Foregut,medium herbivore,HerbiTRAITS,s2BrowserForegut,5,46.0829,,,,,,,,,,medium herbivore,Antilocapra americana,1,0,0,0,Browser,Foregut,34.562175,,
Antilope_cervicapra,Cetartiodactyla,Bovidae,Antilope,NT,Blackbuck,Grazer,Grazer,Foregut,small herbivore,HerbiTRAITS,s1GrazerForegut,5,37.5,,,,,,,,,,small herbivore,Antilope cervicapra,0,1,0,0,Grazer,Foregut,28.125,,
Aonyx_capensis,Carnivora,Mustelidae,Aonyx,NT,,,,,small herbivore,Phylacine,not_complete,3,18.9998,,,,,,,,,,small herbivore,Aonyx capensis,,,,,Predator,Shortgut,14.24985,,
Aonyx_congicus,Carnivora,Mustelidae,Aonyx,NT,,,,,small herbivore,Phylacine,not_complete,4,23.8002,,,,,,,,,,small herbivore,Aonyx congicus,,,,,Predator,Shortgut,17.85015,,
Arabitragus_jayakari,Cetartiodactyla,Bovidae,Arabitragus,EN,Arabian Tahr,Browser,Browser,Foregut,small herbivore,HerbiTRAITS,s1BrowserForegut,4,23,,,,,,,,,,small herbivore,Arabitragus jayakari,1,0,0,0,Browser,Foregut,17.25,,
Arctocephalus_australis,Carnivora,Otariidae,Arctocephalus,LC,,,,,medium herbivore,Phylacine,not_complete,5,45,,,,,,,,,,medium herbivore,Arctocephalus australis,,,,,Predator,Shortgut,33.75,,
Arctocephalus_forsteri,Carnivora,Otariidae,Arctocephalus,LC,,,,,large herbivore,Phylacine,not_complete,7,101.25,,,,,,,,,,large herbivore,Arctocephalus forsteri,,,,,Predator,Shortgut,75.9375,,
Arctocephalus_galapagoensis,Carnivora,Otariidae,Arctocephalus,EN,,,,,small herbivore,Phylacine,not_complete,4,27,,,,,,,,,,small herbivore,Arctocephalus galapagoensis,,,,,Predator,Shortgut,20.25,,
Arctocephalus_gazella,Carnivora,Otariidae,Arctocephalus,LC,,,,,medium herbivore,Phylacine,not_complete,7,97.5,,,,,,,,,,medium herbivore,Arctocephalus gazella,,,,,Predator,Shortgut,73.125,,
Arctocephalus_philippii,Carnivora,Otariidae,Arctocephalus,LC,,,,,medium herbivore,Phylacine,not_complete,7,95,,,,,,,,,,medium herbivore,Arctocephalus philippii,,,,,Predator,Shortgut,71.25,,
Arctocephalus_pusillus,Carnivora,Otariidae,Arctocephalus,LC,,,,,large herbivore,Phylacine,not_complete,8,178.5,,,,,,,,,,large herbivore,Arctocephalus pusillus,,,,,Predator,Shortgut,133.875,,
Arctocephalus_townsendi,Carnivora,Otariidae,Arctocephalus,LC,,,,,large herbivore,Phylacine,not_complete,7,105,,,,,,,,,,large herbivore,Arctocephalus townsendi,,,,,Predator,Shortgut,78.75,,
Arctocephalus_tropicalis,Carnivora,Otariidae,Arctocephalus,LC,,,,,medium herbivore,Phylacine,not_complete,7,84,,,,,,,,,,medium herbivore,Arctocephalus tropicalis,,,,,Predator,Shortgut,63,,
Axis_axis,Cetartiodactyla,Cervidae,Axis,LC,Chital,Mixed Feeder,Mixed Feeder,Foregut,medium herbivore,HerbiTRAITS,s2Mixed FeederForegut,6,66.1728,,,,,,,,,,medium herbivore,Axis axis,0,0,1,0,Mixed Feeder,Foregut,49.6296,,
Axis_calamianensis,Cetartiodactyla,Cervidae,Axis,EN,Calamian Deer,Mixed Feeder,Mixed Feeder,Foregut,small herbivore,HerbiTRAITS,s1Mixed FeederForegut,5,40.5,,,,,,,,,,small herbivore,Axis calamianensis,0,0,1,0,Mixed Feeder,Foregut,30.375,,
Axis_kuhlii,Cetartiodactyla,Cervidae,Axis,CR,Bawean Deer,Mixed Feeder,Mixed Feeder,Foregut,medium herbivore,HerbiTRAITS,s2Mixed FeederForegut,6,55,,,,,,,,,,medium herbivore,Axis kuhlii,0,0,1,0,Mixed Feeder,Foregut,41.25,,
Axis_porcinus,Cetartiodactyla,Cervidae,Axis,EN,Hog Deer,Grazer,Grazer,Foregut,small herbivore,HerbiTRAITS,s1GrazerForegut,5,34.1278,,,,,,,,,,small herbivore,Axis porcinus,0,1,0,0,Grazer,Foregut,25.59585,,
Babyrousa_babyrussa,Cetartiodactyla,Suidae,Babyrousa,VU,Hairy Babirusa,Browser,Browser,Foregut,large herbivore,HerbiTRAITS,s3BrowserForegut,7,100,,,,,,,,,,large herbivore,Babyrousa babyrussa,1,0,0,0,Browser,Foregut,75,,
Babyrousa_celebensis,Cetartiodactyla,Suidae,Babyrousa,VU,Sulawesi Babirusa,Omnivore,Browser,Foregut,medium herbivore,HerbiTRAITS,s2OmnivoreForegut,7,84.3275,,,,,,,,,,medium herbivore,Babyrousa celebensis,1,0,0,1,Omnivore,Foregut,63.245625,,
Babyrousa_togeanensis,Cetartiodactyla,Suidae,Babyrousa,EN,Togian Islands Babirusa,Omnivore,Browser,Foregut,large herbivore,HerbiTRAITS,s3OmnivoreForegut,7,113.7628,,,,,,,,,,large herbivore,Babyrousa togeanensis,1,0,0,1,Omnivore,Foregut,85.3221,,
Beatragus_hunteri,Cetartiodactyla,Bovidae,Beatragus,CR,Hirola,Grazer,Grazer,Foregut,medium herbivore,HerbiTRAITS,s2GrazerForegut,6,80,,,,,,,,,,medium herbivore,Beatragus hunteri,0,1,0,0,Grazer,Foregut,60,Medium-sized social mixed diets,Medium-sized social mixed diets
Bison_bison,Cetartiodactyla,Bovidae,Bison,NT,American Bison,Mixed Feeder,Mixed Feeder,Foregut,large herbivore,HerbiTRAITS,s3Mixed FeederForegut,9,579.2553,,,,,,,,,,large herbivore,Bison bison,0,0,1,0,Mixed Feeder,Foregut,434.441475,,
Bison_bonasus,Cetartiodactyla,Bovidae,Bison,VU,European Bison,Mixed Feeder,Mixed Feeder,Foregut,large herbivore,HerbiTRAITS,s3Mixed FeederForegut,9,500,,,,,,,,,,large herbivore,Bison bonasus,0,0,1,0,Mixed Feeder,Foregut,375,,
Blastocerus_dichotomus,Cetartiodactyla,Cervidae,Blastocerus,VU,Marsh Deer,Mixed Feeder,Mixed Feeder,Foregut,medium herbivore,HerbiTRAITS,s2Mixed FeederForegut,7,86.6662,,,,,,,,,,medium herbivore,Blastocerus dichotomus,0,0,1,0,Mixed Feeder,Foregut,64.99965,,
Bos_gaurus,Cetartiodactyla,Bovidae,Bos,VU,Gaur,Mixed Feeder,Mixed Feeder,Foregut,large herbivore,HerbiTRAITS,s3Mixed FeederForegut,9,825,,,,,,,,,,large herbivore,Bos gaurus,0,0,1,0,Mixed Feeder,Foregut,618.75,,
Bos_javanicus,Cetartiodactyla,Bovidae,Bos,EN,Banteng,Mixed Feeder,Mixed Feeder,Foregut,large herbivore,HerbiTRAITS,s3Mixed FeederForegut,9,700,,,,,,,,,,large herbivore,Bos javanicus,0,0,1,0,Mixed Feeder,Foregut,525,,
Bos_mutus,Cetartiodactyla,Bovidae,Bos,VU,Wild Yak,Grazer,Grazer,Foregut,large herbivore,HerbiTRAITS,s3GrazerForegut,9,546.25,,,,,,,,,,large herbivore,Bos mutus,0,1,0,0,Grazer,Foregut,409.6875,,
Bos_primigenius,Cetartiodactyla,Bovidae,Bos,EX,Aurochs,Mixed Feeder,Mixed Feeder,Foregut,large herbivore,HerbiTRAITS,s3Mixed FeederForegut,9,900,,,,,,,,,,large herbivore,Bos primigenius,0,0,1,0,Mixed Feeder,Foregut,675,,
Bos_sauveli,Cetartiodactyla,Bovidae,Bos,CR,Kouprey,Mixed Feeder,Mixed Feeder,Foregut,large herbivore,HerbiTRAITS,s3Mixed FeederForegut,9,800,,,,,,,,,,large herbivore,Bos sauveli,0,0,1,0,Mixed Feeder,Foregut,600,,
Boselaphus_tragocamelus,Cetartiodactyla,Bovidae,Boselaphus,LC,Nilgai,Mixed Feeder,Mixed Feeder,Foregut,large herbivore,HerbiTRAITS,s3Mixed FeederForegut,8,169,,,,,,,,,,large herbivore,Boselaphus tragocamelus,0,0,1,0,Mixed Feeder,Foregut,126.75,,
Brachyteles_arachnoides,Primates,Atelidae,Brachyteles,EN,Southern Muriqui,Browser,Browser,Hindgut,small herbivore,HerbiTRAITS,s1BrowserHindgut,2,13.4999,,,,,,,,,,small herbivore,Brachyteles arachnoides,1,0,0,0,Browser,Hindgut,10.124925,,
Bubalus_arnee,Cetartiodactyla,Bovidae,Bubalus,EN,Wild water buffalo,Mixed Feeder,Mixed Feeder,Foregut,large herbivore,HerbiTRAITS,s3Mixed FeederForegut,9,725,,,,,,,,,,large herbivore,Bubalus arnee,0,0,1,0,Mixed Feeder,Foregut,543.75,,
Bubalus_depressicornis,Cetartiodactyla,Bovidae,Bubalus,EN,Lowland Anoa,Browser,Browser,Foregut,medium herbivore,HerbiTRAITS,s2BrowserForegut,7,88,,,,,,,,,,medium herbivore,Bubalus depressicornis,1,0,0,0,Browser,Foregut,66,,
Bubalus_mindorensis,Cetartiodactyla,Bovidae,Bubalus,CR,Tamaraw,Mixed Feeder,Mixed Feeder,Foregut,large herbivore,HerbiTRAITS,s3Mixed FeederForegut,8,224,,,,,,,,,,large herbivore,Bubalus mindorensis,0,0,1,0,Mixed Feeder,Foregut,168,,
Bubalus_quarlesi,Cetartiodactyla,Bovidae,Bubalus,EN,Mountain Anoa,Mixed Feeder,Mixed Feeder,Foregut,medium herbivore,HerbiTRAITS,s2Mixed FeederForegut,6,76,,,,,,,,,,medium herbivore,Bubalus quarlesi,0,0,1,0,Mixed Feeder,Foregut,57,,
Budorcas_taxicolor,Cetartiodactyla,Bovidae,Budorcas,VU,Takin,Browser,Browser,Foregut,large herbivore,HerbiTRAITS,s3BrowserForegut,9,302,,,,,,,,,,large herbivore,Budorcas taxicolor,1,0,0,0,Browser,Foregut,226.5,,
Callorhinus_ursinus,Carnivora,Otariidae,Callorhinus,VU,,,,,medium herbivore,Phylacine,not_complete,5,45.133,,,,,,,,,,medium herbivore,Callorhinus ursinus,,,,,Predator,Shortgut,33.84975,,
Camelus_dromedarius,Cetartiodactyla,Camelidae,Camelus,EP,Dromedary camel,Browser,Browser,Foregut,large herbivore,HerbiTRAITS,s3BrowserForegut,9,800,,,,,,,,,,large herbivore,Camelus dromedarius,1,0,0,0,Browser,Foregut,600,,
Camelus_ferus,Cetartiodactyla,Camelidae,Camelus,CR,Bactrian Camel,Browser,Browser,Foregut,large herbivore,HerbiTRAITS,s3BrowserForegut,9,690,,,,,,,,,,large herbivore,Camelus ferus,1,0,0,0,Browser,Foregut,517.5,,
Canis_adustus,Carnivora,Canidae,Canis,LC,,,,,small herbivore,Phylacine,not_complete,1,10.2499,,,,,,,,,,small herbivore,Canis adustus,,,,,Predator,Shortgut,7.687425,,
Canis_aureus,Carnivora,Canidae,Canis,LC,,,,,small herbivore,Phylacine,not_complete,1,10.3452,10.3452,143.5850012,198.883107042772,1,cooperative hunter,Pounce pursuit,large prey predatorcooperative hunterPounce pursuit,CarniTRAITS,large prey predator,large prey predator,Canis aureus,,,,,Predator,Shortgut,7.7589,,large prey predator
Canis_latrans,Carnivora,Canidae,Canis,LC,,,,,small herbivore,Phylacine,not_complete,2,13.4063,,,,,,,,,,small herbivore,Canis latrans,,,,,Predator,Shortgut,10.054725,,
Canis_lupus,Carnivora,Canidae,Canis,LC,,,,,small herbivore,Phylacine,not_complete,4,32.1833,32.1833,641.0787573,431.293056826401,2,cooperative hunter,Pursuit,large prey predatorcooperative hunterPursuit,CarniTRAITS,large prey predator,large prey predator,Canis lupus,,,,,Predator,Shortgut,24.137475,,large prey predator
Canis_rufus,Carnivora,Canidae,Canis,CR,,,,,small herbivore,Phylacine,not_complete,4,22.9832,22.9832,431.4912792,362.346872447927,2,cooperative hunter,Pursuit,large prey predatorcooperative hunterPursuit,CarniTRAITS,large prey predator,large prey predator,Canis rufus,,,,,Predator,Shortgut,17.2374,,large prey predator
Capra_aegagrus,Cetartiodactyla,Bovidae,Capra,VU,Wild Goat,Mixed Feeder,Mixed Feeder,Foregut,small herbivore,HerbiTRAITS,s1Mixed FeederForegut,5,33.5,,,,,,,,,,small herbivore,Capra aegagrus,0,0,1,0,Mixed Feeder,Foregut,25.125,,
Capra_caucasica,Cetartiodactyla,Bovidae,Capra,EN,Western Tur,Grazer,Grazer,Foregut,medium herbivore,HerbiTRAITS,s2GrazerForegut,6,55,,,,,,,,,,medium herbivore,Capra caucasica,0,1,0,0,Grazer,Foregut,41.25,,
Capra_cylindricornis,Cetartiodactyla,Bovidae,Capra,NT,Eastern Tur,Mixed Feeder,Mixed Feeder,Foregut,medium herbivore,HerbiTRAITS,s2Mixed FeederForegut,5,50,,,,,,,,,,medium herbivore,Capra cylindricornis,0,0,1,0,Mixed Feeder,Foregut,37.5,,
Capra_falconeri,Cetartiodactyla,Bovidae,Capra,NT,Markhor,Mixed Feeder,Mixed Feeder,Foregut,small herbivore,HerbiTRAITS,s1Mixed FeederForegut,5,41,,,,,,,,,,small herbivore,Capra falconeri,0,0,1,0,Mixed Feeder,Foregut,30.75,,
Capra_ibex,Cetartiodactyla,Bovidae,Capra,LC,Alpine ibex,Mixed Feeder,Mixed Feeder,Foregut,medium herbivore,HerbiTRAITS,s2Mixed FeederForegut,7,85.1665,,,,,,,,,,medium herbivore,Capra ibex,0,0,1,0,Mixed Feeder,Foregut,63.874875,,
Capra_nubiana,Cetartiodactyla,Bovidae,Capra,VU,Nubian Ibex,Mixed Feeder,Mixed Feeder,Foregut,medium herbivore,HerbiTRAITS,s2Mixed FeederForegut,6,62.6248,,,,,,,,,,medium herbivore,Capra nubiana,0,0,1,0,Mixed Feeder,Foregut,46.9686,Water-dependent grazers,Water-dependent grazers
Capra_pyrenaica,Cetartiodactyla,Bovidae,Capra,LC,Iberian Wild Goat; Spanish Ibex,Mixed Feeder,Mixed Feeder,Foregut,medium herbivore,HerbiTRAITS,s2Mixed FeederForegut,5,50,,,,,,,,,,medium herbivore,Capra pyrenaica,0,0,1,0,Mixed Feeder,Foregut,37.5,,
Capra_sibirica,Cetartiodactyla,Bovidae,Capra,LC,Siberian Ibex,Mixed Feeder,Mixed Feeder,Foregut,large herbivore,HerbiTRAITS,s3Mixed FeederForegut,8,130,,,,,,,,,,large herbivore,Capra sibirica,0,0,1,0,Mixed Feeder,Foregut,97.5,,
Capra_walie,Cetartiodactyla,Bovidae,Capra,EN,Walia Ibex,Browser,Browser,Foregut,large herbivore,HerbiTRAITS,s3BrowserForegut,7,100,,,,,,,,,,large herbivore,Capra walie,1,0,0,0,Browser,Foregut,75,Large browsers,Large browsers
Capreolus_capreolus,Cetartiodactyla,Cervidae,Capreolus,LC,European Roe Deer,Browser,Browser,Foregut,small herbivore,HerbiTRAITS,s1BrowserForegut,3,22.5,,,,,,,,,,small herbivore,Capreolus capreolus,1,0,0,0,Browser,Foregut,16.875,,
Capreolus_pygargus,Cetartiodactyla,Cervidae,Capreolus,LC,Siberian Roe Deer,Mixed Feeder,Mixed Feeder,Foregut,small herbivore,HerbiTRAITS,s1Mixed FeederForegut,5,43.7522,,,,,,,,,,small herbivore,Capreolus pygargus,0,0,1,0,Mixed Feeder,Foregut,32.81415,,
Capricornis_crispus,Cetartiodactyla,Bovidae,Capricornis,LC,Japanese Serow,Mixed Feeder,Mixed Feeder,Foregut,small herbivore,HerbiTRAITS,s1Mixed FeederForegut,5,37.16,,,,,,,,,,small herbivore,Capricornis crispus,0,0,1,0,Mixed Feeder,Foregut,27.87,,
Capricornis_milneedwardsii,Cetartiodactyla,Bovidae,Capricornis,NT,Chinese Serow,Browser,Browser,Foregut,large herbivore,HerbiTRAITS,s3BrowserForegut,8,130,,,,,,,,,,large herbivore,Capricornis milneedwardsii,1,0,0,0,Browser,Foregut,97.5,,
Capricornis_rubidus,Cetartiodactyla,Bovidae,Capricornis,NT,Red Serow,Browser,Browser,Foregut,medium herbivore,HerbiTRAITS,s2BrowserForegut,7,87.5,,,,,,,,,,medium herbivore,Capricornis rubidus,1,0,0,0,Browser,Foregut,65.625,,
Capricornis_sumatraensis,Cetartiodactyla,Bovidae,Capricornis,VU,Sumatran Serow,Browser,Browser,Foregut,medium herbivore,HerbiTRAITS,s2BrowserForegut,7,87.5,,,,,,,,,,medium herbivore,Capricornis sumatraensis,1,0,0,0,Browser,Foregut,65.625,,
Capricornis_swinhoei,Cetartiodactyla,Bovidae,Capricornis,LC,Formosan Serow,Browser,Browser,Foregut,small herbivore,HerbiTRAITS,s1BrowserForegut,3,21,,,,,,,,,,small herbivore,Capricornis swinhoei,1,0,0,0,Browser,Foregut,15.75,,
Capricornis_thar,Cetartiodactyla,Bovidae,Capricornis,NT,Himalayan Serow,Browser,Browser,Foregut,large herbivore,HerbiTRAITS,s3BrowserForegut,7,112.5,,,,,,,,,,large herbivore,Capricornis thar,1,0,0,0,Browser,Foregut,84.375,,
Caracal_aurata,Carnivora,Felidae,Caracal,VU,,,,,small herbivore,Phylacine,not_complete,1,10.65,10.65,27.3926999665339,4.41925000000001,1,solitary,Pounce pursuit,small prey predatorsolitaryPounce pursuit,CarniTRAITS,small prey predator,small prey predator,Caracal aurata,,,,,Predator,Shortgut,7.9875,,small prey predator
Caracal_caracal,Carnivora,Felidae,Caracal,LC,,,,,small herbivore,Phylacine,not_complete,2,13.7499,13.7499,156.339465232872,11.3785255,1,solitary,Pounce pursuit,small prey predatorsolitaryPounce pursuit,CarniTRAITS,small prey predator,small prey predator,Caracal caracal,,,,,Predator,Shortgut,10.312425,,small prey predator
Castor_canadensis,Rodentia,Castoridae,Castor,LC,American Beaver,Mixed Feeder,Mixed Feeder,Hindgut,small herbivore,HerbiTRAITS,s1Mixed FeederHindgut,3,21.82,,,,,,,,,,small herbivore,Castor canadensis,0,0,1,0,Mixed Feeder,Hindgut,16.365,,
Castor_fiber,Rodentia,Castoridae,Castor,LC,Eurasian Beaver,Mixed Feeder,Mixed Feeder,Hindgut,small herbivore,HerbiTRAITS,s1Mixed FeederHindgut,3,19,,,,,,,,,,small herbivore,Castor fiber,0,0,1,0,Mixed Feeder,Hindgut,14.25,,
Catagonus_wagneri,Cetartiodactyla,Tayassuidae,Catagonus,EN,Chacoan Peccary,Browser,Browser,Foregut,small herbivore,HerbiTRAITS,s1BrowserForegut,5,35.5664,,,,,,,,,,small herbivore,Catagonus wagneri,1,0,0,0,Browser,Foregut,26.6748,,
Catopuma_temminckii,Carnivora,Felidae,Catopuma,NT,,,,,small herbivore,Phylacine,not_complete,1,11.5,11.5,66.1502426322522,6.3275,1,solitary,Ambush,small prey predatorsolitaryAmbush,CarniTRAITS,small prey predator,small prey predator,Catopuma temminckii,,,,,Predator,Shortgut,8.625,,small prey predator
Cephalophus_callipygus,Cetartiodactyla,Bovidae,Cephalophus,LC,Peters' Duiker,Browser,Browser,Foregut,small herbivore,HerbiTRAITS,s1BrowserForegut,3,18.2499,,,,,,,,,,small herbivore,Cephalophus callipygus,1,0,0,0,Browser,Foregut,13.687425,Small nonsocial browsers,Small nonsocial browsers
Cephalophus_dorsalis,Cetartiodactyla,Bovidae,Cephalophus,NT,Bay Duiker,Browser,Browser,Foregut,small herbivore,HerbiTRAITS,s1BrowserForegut,3,20,,,,,,,,,,small herbivore,Cephalophus dorsalis,1,0,0,0,Browser,Foregut,15,Small nonsocial browsers,Small nonsocial browsers
Cephalophus_harveyi,Cetartiodactyla,Bovidae,Cephalophus,LC,Harvey's Duiker,Browser,Browser,Foregut,small herbivore,HerbiTRAITS,s1BrowserForegut,2,14.5001,,,,,,,,,,small herbivore,Cephalophus harveyi,1,0,0,0,Browser,Foregut,10.875075,Small nonsocial browsers,Small nonsocial browsers
Cephalophus_jentinki,Cetartiodactyla,Bovidae,Cephalophus,EN,Jentink's Duiker,Browser,Browser,Foregut,medium herbivore,HerbiTRAITS,s2BrowserForegut,6,70.0003,,,,,,,,,,medium herbivore,Cephalophus jentinki,1,0,0,0,Browser,Foregut,52.500225,Small nonsocial browsers,Small nonsocial browsers
Cephalophus_leucogaster,Cetartiodactyla,Bovidae,Cephalophus,NT,White-bellied Duiker,Browser,Browser,Foregut,small herbivore,HerbiTRAITS,s1BrowserForegut,1,12.6999,,,,,,,,,,small herbivore,Cephalophus leucogaster,1,0,0,0,Browser,Foregut,9.524925,Small nonsocial browsers,Small nonsocial browsers
Cephalophus_natalensis,Cetartiodactyla,Bovidae,Cephalophus,LC,Natal Red Duiker,Browser,Browser,Foregut,small herbivore,HerbiTRAITS,s1BrowserForegut,1,12,,,,,,,,,,small herbivore,Cephalophus natalensis,1,0,0,0,Browser,Foregut,9,Small nonsocial browsers,Small nonsocial browsers
Cephalophus_niger,Cetartiodactyla,Bovidae,Cephalophus,LC,Black Duiker,Browser,Browser,Foregut,small herbivore,HerbiTRAITS,s1BrowserForegut,3,20.4,,,,,,,,,,small herbivore,Cephalophus niger,1,0,0,0,Browser,Foregut,15.3,Small nonsocial browsers,Small nonsocial browsers
Cephalophus_nigrifrons,Cetartiodactyla,Bovidae,Cephalophus,LC,Black-fronted Duiker,Browser,Browser,Foregut,small herbivore,HerbiTRAITS,s1BrowserForegut,2,13.8998,,,,,,,,,,small herbivore,Cephalophus nigrifrons,1,0,0,0,Browser,Foregut,10.42485,Small nonsocial browsers,Small nonsocial browsers
Cephalophus_ogilbyi,Cetartiodactyla,Bovidae,Cephalophus,LC,Ogilby's Duiker,Browser,Browser,Foregut,small herbivore,HerbiTRAITS,s1BrowserForegut,3,20,,,,,,,,,,small herbivore,Cephalophus ogilbyi,1,0,0,0,Browser,Foregut,15,Small nonsocial browsers,Small nonsocial browsers
Cephalophus_rufilatus,Cetartiodactyla,Bovidae,Cephalophus,LC,Red-flanked Duiker,Browser,Browser,Foregut,small herbivore,HerbiTRAITS,s1BrowserForegut,1,12,,,,,,,,,,small herbivore,Cephalophus rufilatus,1,0,0,0,Browser,Foregut,9,Small nonsocial browsers,Small nonsocial browsers
Cephalophus_silvicultor,Cetartiodactyla,Bovidae,Cephalophus,NT,Yellow-backed Duiker,Browser,Browser,Foregut,medium herbivore,HerbiTRAITS,s2BrowserForegut,6,72.5003,,,,,,,,,,medium herbivore,Cephalophus silvicultor,1,0,0,0,Browser,Foregut,54.375225,Small nonsocial browsers,Small nonsocial browsers
Cephalophus_spadix,Cetartiodactyla,Bovidae,Cephalophus,EN,Abbott's Duiker,Browser,Browser,Foregut,medium herbivore,HerbiTRAITS,s2BrowserForegut,6,56.0003,,,,,,,,,,medium herbivore,Cephalophus spadix,1,0,0,0,Browser,Foregut,42.000225,Small nonsocial browsers,Small nonsocial browsers
Cephalophus_weynsi,Cetartiodactyla,Bovidae,Cephalophus,LC,Weyns's Duiker,Browser,Browser,Foregut,small herbivore,HerbiTRAITS,s1BrowserForegut,2,17,,,,,,,,,,small herbivore,Cephalophus weynsi,1,0,0,0,Browser,Foregut,12.75,Small nonsocial browsers,Small nonsocial browsers
Cephalophus_zebra,Cetartiodactyla,Bovidae,Cephalophus,VU,Zebra Duiker,Browser,Browser,Foregut,small herbivore,HerbiTRAITS,s1BrowserForegut,3,17.5001,,,,,,,,,,small herbivore,Cephalophus zebra,1,0,0,0,Browser,Foregut,13.125075,Small nonsocial browsers,Small nonsocial browsers
Ceratotherium_simum,Perissodactyla,Rhinocerotidae,Ceratotherium,NT,White Rhinoceros,Grazer,Grazer,Hindgut,megaherbivore,HerbiTRAITS,s4GrazerHindgut,10,2949.9863,,,,,,,,,,megaherbivore,Ceratotherium simum,0,1,0,0,Grazer,Hindgut,2212.489725,Nonruminants,Nonruminants
Cervus_albirostris,Cetartiodactyla,Cervidae,Cervus,VU,White-lipped Deer,Mixed Feeder,Mixed Feeder,Foregut,large herbivore,HerbiTRAITS,s3Mixed FeederForegut,8,125,,,,,,,,,,large herbivore,Cervus albirostris,0,0,1,0,Mixed Feeder,Foregut,93.75,,
Cervus_canadensis,Cetartiodactyla,Cervidae,Cervus,LC,Wapiti,Mixed Feeder,Mixed Feeder,Foregut,large herbivore,HerbiTRAITS,s3Mixed FeederForegut,8,131.25,,,,,,,,,,large herbivore,Cervus canadensis,0,0,1,0,Mixed Feeder,Foregut,98.4375,,
Cervus_elaphus,Cetartiodactyla,Cervidae,Cervus,LC,Red Deer,Mixed Feeder,Mixed Feeder,Foregut,large herbivore,HerbiTRAITS,s3Mixed FeederForegut,8,131.25,,,,,,,,,,large herbivore,Cervus elaphus,0,0,1,0,Mixed Feeder,Foregut,98.4375,,
Cervus_nippon,Cetartiodactyla,Cervidae,Cervus,LC,Sika Deer,Mixed Feeder,Mixed Feeder,Foregut,medium herbivore,HerbiTRAITS,s2Mixed FeederForegut,6,53,,,,,,,,,,medium herbivore,Cervus nippon,0,0,1,0,Mixed Feeder,Foregut,39.75,,
Choeropsis_liberiensis,Cetartiodactyla,Hippopotamidae,Choeropsis,EN,Pygmy Hippopotamus,Browser,Browser,Foregut,large herbivore,HerbiTRAITS,s3BrowserForegut,8,235.0012,,,,,,,,,,large herbivore,Choeropsis liberiensis,1,0,0,0,Browser,Foregut,176.2509,Nonruminants,Nonruminants
Chrysocyon_brachyurus,Carnivora,Canidae,Chrysocyon,NT,,,,,small herbivore,Phylacine,not_complete,4,23.2498,23.2498,421.461710474384,32.705801,1,solitary,Pounce pursuit,small prey predatorsolitaryPounce pursuit,CarniTRAITS,small prey predator,small prey predator,Chrysocyon brachyurus,,,,,Predator,Shortgut,17.43735,,small prey predator
Civettictis_civetta,Carnivora,Viverridae,Civettictis,LC,,,,,small herbivore,Phylacine,not_complete,1,12,,,,,,,,,,small herbivore,Civettictis civetta,,,,,Predator,Shortgut,9,,
Colobus_angolensis,Primates,Cercopithecidae,Colobus,LC,Angolan Colobus,Browser,Browser,Foregut,small herbivore,HerbiTRAITS,s1BrowserForegut,2,14.4622,,,,,,,,,,small herbivore,Colobus angolensis,1,0,0,0,Browser,Foregut,10.84665,,
Colobus_guereza,Primates,Cercopithecidae,Colobus,LC,Guereza,Browser,Browser,Foregut,small herbivore,HerbiTRAITS,s1BrowserForegut,2,16.498,,,,,,,,,,small herbivore,Colobus guereza,1,0,0,0,Browser,Foregut,12.3735,,
Colobus_satanas,Primates,Cercopithecidae,Colobus,VU,Black Colobus,Browser,Browser,Foregut,small herbivore,HerbiTRAITS,s1BrowserForegut,1,11.9938,,,,,,,,,,small herbivore,Colobus satanas,1,0,0,0,Browser,Foregut,8.99535,,
Colobus_vellerosus,Primates,Cercopithecidae,Colobus,VU,White-thighed Colobus,Browser,Browser,Foregut,small herbivore,HerbiTRAITS,s1BrowserForegut,1,11.5052,,,,,,,,,,small herbivore,Colobus vellerosus,1,0,0,0,Browser,Foregut,8.6289,,
Connochaetes_gnou,Cetartiodactyla,Bovidae,Connochaetes,LC,Black Wildebeest,Grazer,Grazer,Foregut,large herbivore,HerbiTRAITS,s3GrazerForegut,8,179.999,,,,,,,,,,large herbivore,Connochaetes gnou,0,1,0,0,Grazer,Foregut,134.99925,Water-dependent grazers,Water-dependent grazers
Connochaetes_taurinus,Cetartiodactyla,Bovidae,Connochaetes,LC,Common Wildebeest,Grazer,Grazer,Foregut,large herbivore,HerbiTRAITS,s3GrazerForegut,8,179.999,,,,,,,,,,large herbivore,Connochaetes taurinus,0,1,0,0,Grazer,Foregut,134.99925,Water-dependent grazers,Water-dependent grazers
Crocuta_crocuta,Carnivora,Hyaenidae,Crocuta,LC,,,,,medium herbivore,Phylacine,not_complete,6,62.9999,62.9999,1343.1117219,568.840804222581,3,cooperative hunter,Pursuit,large prey predatorcooperative hunterPursuit,CarniTRAITS,large prey predator,large prey predator,Crocuta crocuta,,,,,Predator,Shortgut,47.249925,,large prey predator
Cuon_alpinus,Carnivora,Canidae,Cuon,EN,,,,,small herbivore,Phylacine,not_complete,1,12.76,12.76,198.59656,241.84444261177,2,cooperative hunter,Pursuit,large prey predatorcooperative hunterPursuit,CarniTRAITS,large prey predator,large prey predator,Cuon alpinus,,,,,Predator,Shortgut,9.57,,large prey predator
Cystophora_cristata,Carnivora,Phocidae,Cystophora,VU,,,,,large herbivore,Phylacine,not_complete,9,288.3335,,,,,,,,,,large herbivore,Cystophora cristata,,,,,Predator,Shortgut,216.250125,,
Dama_dama,Cetartiodactyla,Cervidae,Dama,LC,Common Fallow Deer; European Fallow Deer; Fallow Deer,Mixed Feeder,Mixed Feeder,Foregut,medium herbivore,HerbiTRAITS,s2Mixed FeederForegut,6,56.25,,,,,,,,,,medium herbivore,Dama dama,0,0,1,0,Mixed Feeder,Foregut,42.1875,,
Dama_mesopotamica,Cetartiodactyla,Cervidae,Dama,EN,Persian Fallow Deer,Mixed Feeder,Mixed Feeder,Foregut,medium herbivore,HerbiTRAITS,s2Mixed FeederForegut,6,72.5,,,,,,,,,,medium herbivore,Dama mesopotamica,0,0,1,0,Mixed Feeder,Foregut,54.375,,
Damaliscus_lunatus,Cetartiodactyla,Bovidae,Damaliscus,LC,Topi,Grazer,Grazer,Foregut,large herbivore,HerbiTRAITS,s3GrazerForegut,8,136.0003,,,,,,,,,,large herbivore,Damaliscus lunatus,0,1,0,0,Grazer,Foregut,102.000225,Medium-sized social mixed diets,Medium-sized social mixed diets
Damaliscus_pygargus,Cetartiodactyla,Bovidae,Damaliscus,LC,Blesbok,Mixed Feeder,Mixed Feeder,Foregut,large herbivore,HerbiTRAITS,s3Mixed FeederForegut,7,102,,,,,,,,,,large herbivore,Damaliscus pygargus,0,0,1,0,Mixed Feeder,Foregut,76.5,Water-dependent grazers,Water-dependent grazers
Dendrolagus_bennettianus,Diprotodontia,Macropodidae,Dendrolagus,NT,Bennett's Tree Kangaroo,Browser,Browser,Foregut,small herbivore,HerbiTRAITS,s1BrowserForegut,1,10.95,,,,,,,,,,small herbivore,Dendrolagus bennettianus,1,0,0,0,Browser,Foregut,8.2125,,
Dendrolagus_dorianus,Diprotodontia,Macropodidae,Dendrolagus,VU,Doria's Tree Kangaroo,Browser,Browser,Foregut,small herbivore,HerbiTRAITS,s1BrowserForegut,1,10.0683,,,,,,,,,,small herbivore,Dendrolagus dorianus,1,0,0,0,Browser,Foregut,7.551225,,
Dendrolagus_inustus,Diprotodontia,Macropodidae,Dendrolagus,VU,Grizzled Tree Kangaroo,Browser,Browser,Foregut,small herbivore,HerbiTRAITS,s1BrowserForegut,2,13.0313,,,,,,,,,,small herbivore,Dendrolagus inustus,1,0,0,0,Browser,Foregut,9.773475,,
Dendrolagus_scottae,Diprotodontia,Macropodidae,Dendrolagus,CR,Tenkile,Browser,Browser,Foregut,small herbivore,HerbiTRAITS,s1BrowserForegut,1,10.375,,,,,,,,,,small herbivore,Dendrolagus scottae,1,0,0,0,Browser,Foregut,7.78125,,
Dendrolagus_ursinus,Diprotodontia,Macropodidae,Dendrolagus,VU,Vogelkop Tree Kangaroo,Browser,Browser,Foregut,small herbivore,HerbiTRAITS,s1BrowserForegut,2,13.25,,,,,,,,,,small herbivore,Dendrolagus ursinus,1,0,0,0,Browser,Foregut,9.9375,,
Dicerorhinus_sumatrensis,Perissodactyla,Rhinocerotidae,Dicerorhinus,CR,Sumatran Rhinoceros,Browser,Browser,Hindgut,megaherbivore,HerbiTRAITS,s4BrowserHindgut,10,1266.667,,,,,,,,,,megaherbivore,Dicerorhinus sumatrensis,1,0,0,0,Browser,Hindgut,950.00025,,
Diceros_bicornis,Perissodactyla,Rhinocerotidae,Diceros,CR,Black Rhinoceros,Browser,Browser,Hindgut,megaherbivore,HerbiTRAITS,s4BrowserHindgut,10,1180.5109,,,,,,,,,,megaherbivore,Diceros bicornis,1,0,0,0,Browser,Hindgut,885.383175,Nonruminants,Nonruminants
Dinomys_branickii,Rodentia,Dinomyidae,Dinomys,VU,Pacarana,Browser,Browser,Hindgut,small herbivore,HerbiTRAITS,s1BrowserHindgut,1,12.5,,,,,,,,,,small herbivore,Dinomys branickii,1,0,0,0,Browser,Hindgut,9.375,,
Dorcatragus_megalotis,Cetartiodactyla,Bovidae,Dorcatragus,VU,Beira,Browser,Browser,Foregut,small herbivore,HerbiTRAITS,s1BrowserForegut,1,10.2499,,,,,,,,,,small herbivore,Dorcatragus megalotis,1,0,0,0,Browser,Foregut,7.687425,Small nonsocial browsers,Small nonsocial browsers
Elaphodus_cephalophus,Cetartiodactyla,Cervidae,Elaphodus,NT,Tufted Deer,Mixed Feeder,Mixed Feeder,Foregut,small herbivore,HerbiTRAITS,s1Mixed FeederForegut,5,33.5,,,,,,,,,,small herbivore,Elaphodus cephalophus,0,0,1,0,Mixed Feeder,Foregut,25.125,,
Elaphurus_davidianus,Cetartiodactyla,Cervidae,Elaphurus,CR,Pere David's Deer,Mixed Feeder,Mixed Feeder,Foregut,large herbivore,HerbiTRAITS,s3Mixed FeederForegut,8,149,,,,,,,,,,large herbivore,Elaphurus davidianus,0,0,1,0,Mixed Feeder,Foregut,111.75,,
Elephas_maximus,Proboscidea,Elephantidae,Elephas,EN,Asian Elephant,Mixed Feeder,Mixed Feeder,Hindgut,megaherbivore,HerbiTRAITS,s4Mixed FeederHindgut,10,3160,,,,,,,,,,megaherbivore,Elephas maximus,0,0,1,0,Mixed Feeder,Hindgut,2370,,
Enhydra_lutris,Carnivora,Mustelidae,Enhydra,EN,,,,,small herbivore,Phylacine,not_complete,4,23.5,,,,,,,,,,small herbivore,Enhydra lutris,,,,,Predator,Shortgut,17.625,,
Equus_africanus,Perissodactyla,Equidae,Equus,CR,African Wild Ass,Mixed Feeder,Mixed Feeder,Hindgut,large herbivore,HerbiTRAITS,s3Mixed FeederHindgut,9,275,,,,,,,,,,large herbivore,Equus africanus,0,0,1,0,Mixed Feeder,Hindgut,206.25,Nonruminants,Nonruminants
Equus_ferus,Perissodactyla,Equidae,Equus,EN,Wild horse,Grazer,Grazer,Hindgut,large herbivore,HerbiTRAITS,s3GrazerHindgut,8,200,,,,,,,,,,large herbivore,Equus ferus,0,1,0,0,Grazer,Hindgut,150,,
Equus_grevyi,Perissodactyla,Equidae,Equus,EN,Grevy's Zebra,Grazer,Grazer,Hindgut,large herbivore,HerbiTRAITS,s3GrazerHindgut,9,350,,,,,,,,,,large herbivore,Equus grevyi,0,1,0,0,Grazer,Hindgut,262.5,Nonruminants,Nonruminants
Equus_hemionus,Perissodactyla,Equidae,Equus,NT,Asiatic Wild Ass,Mixed Feeder,Mixed Feeder,Hindgut,large herbivore,HerbiTRAITS,s3Mixed FeederHindgut,8,200,,,,,,,,,,large herbivore,Equus hemionus,0,0,1,0,Mixed Feeder,Hindgut,150,,
Equus_kiang,Perissodactyla,Equidae,Equus,LC,Kiang,Grazer,Grazer,Hindgut,large herbivore,HerbiTRAITS,s3GrazerHindgut,9,250,,,,,,,,,,large herbivore,Equus kiang,0,1,0,0,Grazer,Hindgut,187.5,,
Equus_quagga,Perissodactyla,Equidae,Equus,NT,Plains Zebra,Grazer,Grazer,Hindgut,large herbivore,HerbiTRAITS,s3GrazerHindgut,8,175,,,,,,,,,,large herbivore,Equus quagga,0,1,0,0,Grazer,Hindgut,131.25,Nonruminants,Nonruminants
Equus_zebra,Perissodactyla,Equidae,Equus,VU,Mountain Zebra,Grazer,Grazer,Hindgut,large herbivore,HerbiTRAITS,s3GrazerHindgut,9,240,,,,,,,,,,large herbivore,Equus zebra,0,1,0,0,Grazer,Hindgut,180,Nonruminants,Nonruminants
Erignathus_barbatus,Carnivora,Phocidae,Erignathus,LC,,,,,large herbivore,Phylacine,not_complete,9,280,,,,,,,,,,large herbivore,Erignathus barbatus,,,,,Predator,Shortgut,210,,
Eudorcas_albonotata,Cetartiodactyla,Bovidae,Eudorcas,LC,Mongalla Gazelle,Mixed Feeder,Mixed Feeder,Foregut,small herbivore,HerbiTRAITS,s1Mixed FeederForegut,4,25,,,,,,,,,,small herbivore,Eudorcas albonotata,0,0,1,0,Mixed Feeder,Foregut,18.75,Medium-sized social mixed diets,Medium-sized social mixed diets
Eudorcas_rufifrons,Cetartiodactyla,Bovidae,Eudorcas,VU,Red-fronted Gazelle,Mixed Feeder,Mixed Feeder,Foregut,small herbivore,HerbiTRAITS,s1Mixed FeederForegut,4,26.9998,,,,,,,,,,small herbivore,Eudorcas rufifrons,0,0,1,0,Mixed Feeder,Foregut,20.24985,Medium-sized social mixed diets,Medium-sized social mixed diets
Eudorcas_rufina,Cetartiodactyla,Bovidae,Eudorcas,DD,,,,,small herbivore,Phylacine,not_complete,5,40,,,,,,,,,,small herbivore,Eudorcas rufina,,,,,Predator,Shortgut,30,,
Eudorcas_thomsonii,Cetartiodactyla,Bovidae,Eudorcas,NT,Thomson's Gazelle,Mixed Feeder,Mixed Feeder,Foregut,small herbivore,HerbiTRAITS,s1Mixed FeederForegut,3,20.4998,,,,,,,,,,small herbivore,Eudorcas thomsonii,0,0,1,0,Mixed Feeder,Foregut,15.37485,Medium-sized social mixed diets,Medium-sized social mixed diets
Eumetopias_jubatus,Carnivora,Otariidae,Eumetopias,NT,,,,,large herbivore,Phylacine,not_complete,9,310,,,,,,,,,,large herbivore,Eumetopias jubatus,,,,,Predator,Shortgut,232.5,,
Gazella_bennettii,Cetartiodactyla,Bovidae,Gazella,LC,Chinkara,Browser,Browser,Foregut,small herbivore,HerbiTRAITS,s1BrowserForegut,3,18.9167,,,,,,,,,,small herbivore,Gazella bennettii,1,0,0,0,Browser,Foregut,14.187525,,
Gazella_cuvieri,Cetartiodactyla,Bovidae,Gazella,VU,Cuvier's Gazelle,Mixed Feeder,Mixed Feeder,Foregut,small herbivore,HerbiTRAITS,s1Mixed FeederForegut,4,25,,,,,,,,,,small herbivore,Gazella cuvieri,0,0,1,0,Mixed Feeder,Foregut,18.75,,
Gazella_dorcas,Cetartiodactyla,Bovidae,Gazella,VU,Dorcas Gazelle,Mixed Feeder,Mixed Feeder,Foregut,small herbivore,HerbiTRAITS,s1Mixed FeederForegut,4,23.0001,,,,,,,,,,small herbivore,Gazella dorcas,0,0,1,0,Mixed Feeder,Foregut,17.250075,Medium-sized social mixed diets,Medium-sized social mixed diets
Gazella_gazella,Cetartiodactyla,Bovidae,Gazella,VU,Mountain Gazelle,Mixed Feeder,Mixed Feeder,Foregut,small herbivore,HerbiTRAITS,s1Mixed FeederForegut,3,22.7499,,,,,,,,,,small herbivore,Gazella gazella,0,0,1,0,Mixed Feeder,Foregut,17.062425,,
Gazella_leptoceros,Cetartiodactyla,Bovidae,Gazella,EN,Slender-horned Gazelle,Mixed Feeder,Mixed Feeder,Foregut,small herbivore,HerbiTRAITS,s1Mixed FeederForegut,3,22.2,,,,,,,,,,small herbivore,Gazella leptoceros,0,0,1,0,Mixed Feeder,Foregut,16.65,,
Gazella_marica,Cetartiodactyla,Bovidae,Gazella,VU,Arabian Sand Gazelle,Mixed Feeder,Mixed Feeder,Foregut,small herbivore,HerbiTRAITS,s1Mixed FeederForegut,3,20.2,,,,,,,,,,small herbivore,Gazella marica,0,0,1,0,Mixed Feeder,Foregut,15.15,,
Gazella_spekei,Cetartiodactyla,Bovidae,Gazella,EN,Speke's Gazelle,Mixed Feeder,Mixed Feeder,Foregut,small herbivore,HerbiTRAITS,s1Mixed FeederForegut,3,20,,,,,,,,,,small herbivore,Gazella spekei,0,0,1,0,Mixed Feeder,Foregut,15,Medium-sized social mixed diets,Medium-sized social mixed diets
Gazella_subgutturosa,Cetartiodactyla,Bovidae,Gazella,VU,Goitered Gazelle,Mixed Feeder,Mixed Feeder,Foregut,small herbivore,HerbiTRAITS,s1Mixed FeederForegut,4,28.5,,,,,,,,,,small herbivore,Gazella subgutturosa,0,0,1,0,Mixed Feeder,Foregut,21.375,,
Giraffa_camelopardalis,Cetartiodactyla,Giraffidae,Giraffa,VU,Giraffe,Browser,Browser,Foregut,large herbivore,HerbiTRAITS,s3BrowserForegut,9,899.9948,,,,,,,,,,large herbivore,Giraffa camelopardalis,1,0,0,0,Browser,Foregut,674.9961,Large browsers,Large browsers
Gorilla_beringei,Primates,Hominidae,Gorilla,CR,Eastern Gorilla,Browser,Browser,Hindgut,large herbivore,HerbiTRAITS,s3BrowserHindgut,8,130,,,,,,,,,,large herbivore,Gorilla beringei,1,0,0,0,Browser,Hindgut,97.5,,
Gorilla_gorilla,Primates,Hominidae,Gorilla,CR,Western Gorilla,Browser,Browser,Hindgut,large herbivore,HerbiTRAITS,s3BrowserHindgut,8,120.95,,,,,,,,,,large herbivore,Gorilla gorilla,1,0,0,0,Browser,Hindgut,90.7125,,
Gulo_gulo,Carnivora,Mustelidae,Gulo,LC,,,,,small herbivore,Phylacine,not_complete,3,17.0126,17.0126,263.810066121583,18.703287,1,solitary,Ambush,small prey predatorsolitaryAmbush,CarniTRAITS,small prey predator,small prey predator,Gulo gulo,,,,,Predator,Shortgut,12.75945,,small prey predator
Halichoerus_grypus,Carnivora,Phocidae,Halichoerus,LC,,,,,large herbivore,Phylacine,not_complete,8,157.667,,,,,,,,,,large herbivore,Halichoerus grypus,,,,,Predator,Shortgut,118.25025,,
Helarctos_malayanus,Carnivora,Ursidae,Helarctos,VU,,,,,medium herbivore,Phylacine,not_complete,5,46.5,,,,,,,,,,medium herbivore,Helarctos malayanus,,,,,Predator,Shortgut,34.875,,
Hemitragus_jemlahicus,Cetartiodactyla,Bovidae,Hemitragus,NT,Himalayan Tahr,Mixed Feeder,Mixed Feeder,Foregut,small herbivore,HerbiTRAITS,s1Mixed FeederForegut,5,35.2,,,,,,,,,,small herbivore,Hemitragus jemlahicus,0,0,1,0,Mixed Feeder,Foregut,26.4,,
Hippocamelus_antisensis,Cetartiodactyla,Cervidae,Hippocamelus,VU,Taruca,Mixed Feeder,Mixed Feeder,Foregut,medium herbivore,HerbiTRAITS,s2Mixed FeederForegut,6,68.5994,,,,,,,,,,medium herbivore,Hippocamelus antisensis,0,0,1,0,Mixed Feeder,Foregut,51.44955,,
Hippocamelus_bisulcus,Cetartiodactyla,Cervidae,Hippocamelus,EN,Patagonian Huemul,Mixed Feeder,Mixed Feeder,Foregut,medium herbivore,HerbiTRAITS,s2Mixed FeederForegut,6,70.0003,,,,,,,,,,medium herbivore,Hippocamelus bisulcus,0,0,1,0,Mixed Feeder,Foregut,52.500225,,
Hippopotamus_amphibius,Cetartiodactyla,Hippopotamidae,Hippopotamus,VU,Common Hippopotamus,Grazer,Grazer,Foregut,megaherbivore,HerbiTRAITS,s4GrazerForegut,10,1417.49,,,,,,,,,,megaherbivore,Hippopotamus amphibius,0,1,0,0,Grazer,Foregut,1063.1175,Nonruminants,Nonruminants
Hippotragus_equinus,Cetartiodactyla,Bovidae,Hippotragus,LC,Roan Antelope,Grazer,Grazer,Foregut,large herbivore,HerbiTRAITS,s3GrazerForegut,9,269.9977,,,,,,,,,,large herbivore,Hippotragus equinus,0,1,0,0,Grazer,Foregut,202.498275,Water-dependent grazers,Water-dependent grazers
Hippotragus_niger,Cetartiodactyla,Bovidae,Hippotragus,LC,Sable Antelope,Grazer,Grazer,Foregut,large herbivore,HerbiTRAITS,s3GrazerForegut,8,227.4993,,,,,,,,,,large herbivore,Hippotragus niger,0,1,0,0,Grazer,Foregut,170.624475,Water-dependent grazers,Water-dependent grazers
Histriophoca_fasciata,Carnivora,Phocidae,Histriophoca,LC,,,,,medium herbivore,Phylacine,not_complete,7,90,,,,,,,,,,medium herbivore,Histriophoca fasciata,,,,,Predator,Shortgut,67.5,,
Homo_sapiens,Primates,Hominidae,Homo,LC,,,,,medium herbivore,Phylacine,not_complete,6,59.5,,,,,,,,,,medium herbivore,Homo sapiens,,,,,Predator,Shortgut,44.625,,
Hyaena_hyaena,Carnivora,Hyaenidae,Hyaena,NT,,,,,small herbivore,Phylacine,not_complete,5,41.7051,41.7051,716.394866769683,74.1379495,1,solitary,Pounce pursuit,medium prey predatorsolitaryPounce pursuit,CarniTRAITS,medium prey predator,medium prey predator,Hyaena hyaena,,,,,Predator,Shortgut,31.278825,,medium prey predator
Hydrochoerus_hydrochaeris,Rodentia,Caviidae,Hydrochoerus,LC,Capybara,Grazer,Grazer,Hindgut,medium herbivore,HerbiTRAITS,s2GrazerHindgut,5,50,,,,,,,,,,medium herbivore,Hydrochoerus hydrochaeris,0,1,0,0,Grazer,Hindgut,37.5,,
Hydrochoerus_isthmius,Rodentia,Caviidae,Hydrochoerus,DD,Lesser Capybara,Grazer,Grazer,Hindgut,small herbivore,HerbiTRAITS,s1GrazerHindgut,5,35,,,,,,,,,,small herbivore,Hydrochoerus isthmius,0,1,0,0,Grazer,Hindgut,26.25,,
Hydropotes_inermis,Cetartiodactyla,Cervidae,Hydropotes,VU,Water Deer,Mixed Feeder,Mixed Feeder,Foregut,small herbivore,HerbiTRAITS,s1Mixed FeederForegut,2,14,,,,,,,,,,small herbivore,Hydropotes inermis,0,0,1,0,Mixed Feeder,Foregut,10.5,,
Hydrurga_leptonyx,Carnivora,Phocidae,Hydrurga,LC,,,,,large herbivore,Phylacine,not_complete,9,360,,,,,,,,,,large herbivore,Hydrurga leptonyx,,,,,Predator,Shortgut,270,,
Hyemoschus_aquaticus,Cetartiodactyla,Tragulidae,Hyemoschus,LC,Water Chevrotain,Browser,Browser,Foregut,small herbivore,HerbiTRAITS,s1BrowserForegut,1,10.85,,,,,,,,,,small herbivore,Hyemoschus aquaticus,1,0,0,0,Browser,Foregut,8.1375,Small nonsocial browsers,Small nonsocial browsers
Hylochoerus_meinertzhageni,Cetartiodactyla,Suidae,Hylochoerus,LC,Forest Hog,Mixed Feeder,Mixed Feeder,Hindgut,large herbivore,HerbiTRAITS,s3Mixed FeederHindgut,8,188.5,,,,,,,,,,large herbivore,Hylochoerus meinertzhageni,0,0,1,0,Mixed Feeder,Hindgut,141.375,Nonruminants,Nonruminants
Hystrix_africaeaustralis,Rodentia,Hystricidae,Hystrix,LC,Cape Porcupine,Browser,Browser,Hindgut,small herbivore,HerbiTRAITS,s1BrowserHindgut,2,14.936,,,,,,,,,,small herbivore,Hystrix africaeaustralis,1,0,0,0,Browser,Hindgut,11.202,,
Hystrix_cristata,Rodentia,Hystricidae,Hystrix,LC,Crested Porcupine,Browser,Browser,Hindgut,small herbivore,HerbiTRAITS,s1BrowserHindgut,2,16.25,,,,,,,,,,small herbivore,Hystrix cristata,1,0,0,0,Browser,Hindgut,12.1875,,
Hystrix_indica,Rodentia,Hystricidae,Hystrix,LC,Indian Crested Porcupine,Browser,Browser,Hindgut,small herbivore,HerbiTRAITS,s1BrowserHindgut,1,12.4358,,,,,,,,,,small herbivore,Hystrix indica,1,0,0,0,Browser,Hindgut,9.32685,,
Hystrix_javanica,Rodentia,Hystricidae,Hystrix,LC,Sunda Porcupine,Browser,Browser,Hindgut,small herbivore,HerbiTRAITS,s1BrowserHindgut,4,23.0144,,,,,,,,,,small herbivore,Hystrix javanica,1,0,0,0,Browser,Hindgut,17.2608,,
Kobus_ellipsiprymnus,Cetartiodactyla,Bovidae,Kobus,LC,Waterbuck,Grazer,Grazer,Foregut,large herbivore,HerbiTRAITS,s3GrazerForegut,8,210.0003,,,,,,,,,,large herbivore,Kobus ellipsiprymnus,0,1,0,0,Grazer,Foregut,157.500225,Water-dependent grazers,Water-dependent grazers
Kobus_kob,Cetartiodactyla,Bovidae,Kobus,LC,Kob,Grazer,Grazer,Foregut,medium herbivore,HerbiTRAITS,s2GrazerForegut,6,78.5001,,,,,,,,,,medium herbivore,Kobus kob,0,1,0,0,Grazer,Foregut,58.875075,Water-dependent grazers,Water-dependent grazers
Kobus_leche,Cetartiodactyla,Bovidae,Kobus,LC,Southern Lechwe,Grazer,Grazer,Foregut,large herbivore,HerbiTRAITS,s3GrazerForegut,7,110.749,,,,,,,,,,large herbivore,Kobus leche,0,1,0,0,Grazer,Foregut,83.06175,Water-dependent grazers,Water-dependent grazers
Kobus_megaceros,Cetartiodactyla,Bovidae,Kobus,EN,Nile Lechwe,Grazer,Grazer,Foregut,medium herbivore,HerbiTRAITS,s2GrazerForegut,7,87.5004,,,,,,,,,,medium herbivore,Kobus megaceros,0,1,0,0,Grazer,Foregut,65.6253,Water-dependent grazers,Water-dependent grazers
Kobus_vardonii,Cetartiodactyla,Bovidae,Kobus,NT,Puku,Grazer,Grazer,Foregut,medium herbivore,HerbiTRAITS,s2GrazerForegut,6,71.5007,,,,,,,,,,medium herbivore,Kobus vardonii,0,1,0,0,Grazer,Foregut,53.625525,Water-dependent grazers,Water-dependent grazers
Lama_guanicoe,Cetartiodactyla,Camelidae,Lama,LC,Guanaco,Mixed Feeder,Mixed Feeder,Foregut,large herbivore,HerbiTRAITS,s3Mixed FeederForegut,7,120,,,,,,,,,,large herbivore,Lama guanicoe,0,0,1,0,Mixed Feeder,Foregut,90,,
Lasiorhinus_krefftii,Diprotodontia,Vombatidae,Lasiorhinus,CR,Northern Hairy-nosed Wombat,Grazer,Grazer,Hindgut,small herbivore,HerbiTRAITS,s1GrazerHindgut,4,31.45,,,,,,,,,,small herbivore,Lasiorhinus krefftii,0,1,0,0,Grazer,Hindgut,23.5875,,
Lasiorhinus_latifrons,Diprotodontia,Vombatidae,Lasiorhinus,NT,Southern Hairy-nosed Wombat,Grazer,Grazer,Hindgut,small herbivore,HerbiTRAITS,s1GrazerHindgut,4,25.5,,,,,,,,,,small herbivore,Lasiorhinus latifrons,0,1,0,0,Grazer,Hindgut,19.125,,
Leopardus_pardalis,Carnivora,Felidae,Leopardus,LC,,,,,small herbivore,Phylacine,not_complete,1,11.9001,11.9001,83.4122335700825,7.2257245,1,solitary,Ambush,small prey predatorsolitaryAmbush,CarniTRAITS,small prey predator,small prey predator,Leopardus pardalis,,,,,Predator,Shortgut,8.925075,,small prey predator
Leptailurus_serval,Carnivora,Felidae,Leptailurus,LC,,,,,small herbivore,Phylacine,not_complete,1,12,12,87.6317824139953,7.45,1,solitary,Pounce pursuit,small prey predatorsolitaryPounce pursuit,CarniTRAITS,small prey predator,small prey predator,Leptailurus serval,,,,,Predator,Shortgut,9,,small prey predator
Leptonychotes_weddellii,Carnivora,Phocidae,Leptonychotes,LC,,,,,large herbivore,Phylacine,not_complete,9,400,,,,,,,,,,large herbivore,Leptonychotes weddellii,,,,,Predator,Shortgut,300,,
Litocranius_walleri,Cetartiodactyla,Bovidae,Litocranius,NT,Gerenuk,Browser,Browser,Foregut,small herbivore,HerbiTRAITS,s1BrowserForegut,5,37.9997,,,,,,,,,,small herbivore,Litocranius walleri,1,0,0,0,Browser,Foregut,28.499775,Small nonsocial browsers,Small nonsocial browsers
Lobodon_carcinophaga,Carnivora,Phocidae,Lobodon,LC,,,,,large herbivore,Phylacine,not_complete,8,233.25,,,,,,,,,,large herbivore,Lobodon carcinophaga,,,,,Predator,Shortgut,174.9375,,
Lontra_felina,Carnivora,Mustelidae,Lontra,EN,,,,,small herbivore,Phylacine,not_complete,4,30.6,,,,,,,,,,small herbivore,Lontra felina,,,,,Predator,Shortgut,22.95,,
Loxodonta_africana,Proboscidea,Elephantidae,Loxodonta,VU,African Elephant,Mixed Feeder,Mixed Feeder,Hindgut,megaherbivore,HerbiTRAITS,s4Mixed FeederHindgut,10,4400,,,,,,,,,,megaherbivore,Loxodonta africana,0,0,1,0,Mixed Feeder,Hindgut,3300,Nonruminants,Nonruminants
Lycaon_pictus,Carnivora,Canidae,Lycaon,EN,,,,,small herbivore,Phylacine,not_complete,3,22.0501,22.0501,410.2343281,353.859483320996,2,cooperative hunter,Pursuit,large prey predatorcooperative hunterPursuit,CarniTRAITS,large prey predator,large prey predator,Lycaon pictus,,,,,Predator,Shortgut,16.537575,,large prey predator
Lynx_lynx,Carnivora,Felidae,Lynx,LC,,,,,small herbivore,Phylacine,not_complete,3,17.95,17.95,290.882234611933,20.80775,1,solitary,Ambush,small prey predatorsolitaryAmbush,CarniTRAITS,small prey predator,small prey predator,Lynx lynx,,,,,Predator,Shortgut,13.4625,,small prey predator
Macaca_assamensis,Primates,Cercopithecidae,Macaca,NT,Assam Macaque,Omnivore,Browser,Hindgut,small herbivore,HerbiTRAITS,s1OmnivoreHindgut,1,12,,,,,,,,,,small herbivore,Macaca assamensis,1,0,0,1,Omnivore,Hindgut,9,,
Macaca_fuscata,Primates,Cercopithecidae,Macaca,LC,Japanese Macaque,Omnivore,Browser,Hindgut,small herbivore,HerbiTRAITS,s1OmnivoreHindgut,1,10.4,,,,,,,,,,small herbivore,Macaca fuscata,1,0,0,1,Omnivore,Hindgut,7.8,,
Macaca_munzala,Primates,Cercopithecidae,Macaca,EN,Arunachal Macaque,Omnivore,Browser,Hindgut,small herbivore,HerbiTRAITS,s1OmnivoreHindgut,2,15,,,,,,,,,,small herbivore,Macaca munzala,1,0,0,1,Omnivore,Hindgut,11.25,,
Macaca_sylvanus,Primates,Cercopithecidae,Macaca,EN,Barbary Macaque,Omnivore,Browser,Hindgut,small herbivore,HerbiTRAITS,s1OmnivoreHindgut,1,12.2,,,,,,,,,,small herbivore,Macaca sylvanus,1,0,0,1,Omnivore,Hindgut,9.15,,
Macaca_thibetana,Primates,Cercopithecidae,Macaca,NT,Tibetan Macaque,Omnivore,Browser,Hindgut,small herbivore,HerbiTRAITS,s1OmnivoreHindgut,1,12,,,,,,,,,,small herbivore,Macaca thibetana,1,0,0,1,Omnivore,Hindgut,9,,
Macropus_agilis,Diprotodontia,Macropodidae,Macropus,LC,Agile Wallaby,Mixed Feeder,Mixed Feeder,Foregut,small herbivore,HerbiTRAITS,s1Mixed FeederForegut,2,15,,,,,,,,,,small herbivore,Macropus agilis,0,0,1,0,Mixed Feeder,Foregut,11.25,,
Macropus_antilopinus,Diprotodontia,Macropodidae,Macropus,LC,Antilopine Wallaroo,Grazer,Grazer,Foregut,small herbivore,HerbiTRAITS,s1GrazerForegut,4,27.25,,,,,,,,,,small herbivore,Macropus antilopinus,0,1,0,0,Grazer,Foregut,20.4375,,
Macropus_bernardus,Diprotodontia,Macropodidae,Macropus,NT,Black Wallaroo,Mixed Feeder,Mixed Feeder,Foregut,small herbivore,HerbiTRAITS,s1Mixed FeederForegut,2,17,,,,,,,,,,small herbivore,Macropus bernardus,0,0,1,0,Mixed Feeder,Foregut,12.75,,
Macropus_dorsalis,Diprotodontia,Macropodidae,Macropus,LC,Black-striped Wallaby,Grazer,Grazer,Foregut,small herbivore,HerbiTRAITS,s1GrazerForegut,1,11.25,,,,,,,,,,small herbivore,Macropus dorsalis,0,1,0,0,Grazer,Foregut,8.4375,,
Macropus_fuliginosus,Diprotodontia,Macropodidae,Macropus,LC,Western Gray Kangaroo,Grazer,Grazer,Foregut,small herbivore,HerbiTRAITS,s1GrazerForegut,3,22,,,,,,,,,,small herbivore,Macropus fuliginosus,0,1,0,0,Grazer,Foregut,16.5,,
Macropus_giganteus,Diprotodontia,Macropodidae,Macropus,LC,Eastern Grey Kangaroo,Mixed Feeder,Mixed Feeder,Foregut,small herbivore,HerbiTRAITS,s1Mixed FeederForegut,4,25.875,,,,,,,,,,small herbivore,Macropus giganteus,0,0,1,0,Mixed Feeder,Foregut,19.40625,,
Macropus_parryi,Diprotodontia,Macropodidae,Macropus,LC,Whiptail Wallaby,Grazer,Grazer,Foregut,small herbivore,HerbiTRAITS,s1GrazerForegut,2,13.5,,,,,,,,,,small herbivore,Macropus parryi,0,1,0,0,Grazer,Foregut,10.125,,
Macropus_robustus,Diprotodontia,Macropodidae,Macropus,LC,Common Wallaroo,Mixed Feeder,Mixed Feeder,Foregut,small herbivore,HerbiTRAITS,s1Mixed FeederForegut,3,21.2625,,,,,,,,,,small herbivore,Macropus robustus,0,0,1,0,Mixed Feeder,Foregut,15.946875,,
Macropus_rufogriseus,Diprotodontia,Macropodidae,Macropus,LC,Red-necked Wallaby,Mixed Feeder,Mixed Feeder,Foregut,small herbivore,HerbiTRAITS,s1Mixed FeederForegut,2,16.85,,,,,,,,,,small herbivore,Macropus rufogriseus,0,0,1,0,Mixed Feeder,Foregut,12.6375,,
Macropus_rufus,Diprotodontia,Macropodidae,Macropus,LC,Red Kangaroo,Mixed Feeder,Mixed Feeder,Foregut,medium herbivore,HerbiTRAITS,s2Mixed FeederForegut,5,46.25,,,,,,,,,,medium herbivore,Macropus rufus,0,0,1,0,Mixed Feeder,Foregut,34.6875,,
Mandrillus_leucophaeus,Primates,Cercopithecidae,Mandrillus,EN,Drill,Omnivore,Browser,Hindgut,small herbivore,HerbiTRAITS,s1OmnivoreHindgut,2,15,,,,,,,,,,small herbivore,Mandrillus leucophaeus,1,0,0,1,Omnivore,Hindgut,11.25,,
Mandrillus_sphinx,Primates,Cercopithecidae,Mandrillus,VU,Mandrill,Omnivore,Browser,Hindgut,small herbivore,HerbiTRAITS,s1OmnivoreHindgut,3,18.2499,,,,,,,,,,small herbivore,Mandrillus sphinx,1,0,0,1,Omnivore,Hindgut,13.687425,,
Mazama_americana,Cetartiodactyla,Cervidae,Mazama,DD,Red Brocket,Browser,Browser,Foregut,small herbivore,HerbiTRAITS,s1BrowserForegut,3,22.7997,,,,,,,,,,small herbivore,Mazama americana,1,0,0,0,Browser,Foregut,17.099775,,
Mazama_bororo,Cetartiodactyla,Cervidae,Mazama,VU,Small Red Brocket,Browser,Browser,Foregut,small herbivore,HerbiTRAITS,s1BrowserForegut,4,25,,,,,,,,,,small herbivore,Mazama bororo,1,0,0,0,Browser,Foregut,18.75,,
Mazama_bricenii,Cetartiodactyla,Cervidae,Mazama,VU,Merida Brocket,Browser,Browser,Foregut,small herbivore,HerbiTRAITS,s1BrowserForegut,2,16.4999,,,,,,,,,,small herbivore,Mazama bricenii,1,0,0,0,Browser,Foregut,12.374925,,
Mazama_chunyi,Cetartiodactyla,Cervidae,Mazama,VU,Peruvian Dwarf Brocket; Common Dwarf Brocket,Browser,Browser,Foregut,small herbivore,HerbiTRAITS,s1BrowserForegut,2,16.4999,,,,,,,,,,small herbivore,Mazama chunyi,1,0,0,0,Browser,Foregut,12.374925,,
Mazama_gouazoubira,Cetartiodactyla,Cervidae,Mazama,LC,Gray Brocket,Browser,Browser,Foregut,small herbivore,HerbiTRAITS,s1BrowserForegut,2,16.3001,,,,,,,,,,small herbivore,Mazama gouazoubira,1,0,0,0,Browser,Foregut,12.225075,,
Mazama_nana,Cetartiodactyla,Cervidae,Mazama,VU,Brazilian Dwarf Brocket,Browser,Browser,Foregut,small herbivore,HerbiTRAITS,s1BrowserForegut,2,16.4999,,,,,,,,,,small herbivore,Mazama nana,1,0,0,0,Browser,Foregut,12.374925,,
Mazama_nemorivaga,Cetartiodactyla,Cervidae,Mazama,LC,Amazonian Brown Brocket,Browser,Browser,Foregut,small herbivore,HerbiTRAITS,s1BrowserForegut,2,15,,,,,,,,,,small herbivore,Mazama nemorivaga,1,0,0,0,Browser,Foregut,11.25,,
Mazama_pandora,Cetartiodactyla,Cervidae,Mazama,VU,Yucatan Brown Brocket,Browser,Browser,Foregut,small herbivore,HerbiTRAITS,s1BrowserForegut,3,21,,,,,,,,,,small herbivore,Mazama pandora,1,0,0,0,Browser,Foregut,15.75,,
Mazama_rufina,Cetartiodactyla,Cervidae,Mazama,VU,Dwarf Red Brocket,Browser,Browser,Foregut,small herbivore,HerbiTRAITS,s1BrowserForegut,4,25.9998,,,,,,,,,,small herbivore,Mazama rufina,1,0,0,0,Browser,Foregut,19.49985,,
Mazama_temama,Cetartiodactyla,Cervidae,Mazama,DD,Central American Red Brocket; Mexican Red Brocket,Browser,Browser,Foregut,small herbivore,HerbiTRAITS,s1BrowserForegut,4,25,,,,,,,,,,small herbivore,Mazama temama,1,0,0,0,Browser,Foregut,18.75,,
Meles_anakuma,Carnivora,Mustelidae,Meles,LC,,,,,small herbivore,Phylacine,not_complete,1,11.5,,,,,,,,,,small herbivore,Meles anakuma,,,,,Predator,Shortgut,8.625,,
Meles_meles,Carnivora,Mustelidae,Meles,LC,,,,,small herbivore,Phylacine,not_complete,2,13,,,,,,,,,,small herbivore,Meles meles,,,,,Predator,Shortgut,9.75,,
Melursus_ursinus,Carnivora,Ursidae,Melursus,VU,,,,,medium herbivore,Phylacine,not_complete,7,93.13,,,,,,,,,,medium herbivore,Melursus ursinus,,,,,Predator,Shortgut,69.8475,,
Mirounga_angustirostris,Carnivora,Phocidae,Mirounga,LC,,,,,large herbivore,Phylacine,not_complete,9,750,,,,,,,,,,large herbivore,Mirounga angustirostris,,,,,Predator,Shortgut,562.5,,
Monachus_monachus,Carnivora,Phocidae,Monachus,EN,,,,,large herbivore,Phylacine,not_complete,9,292.5,,,,,,,,,,large herbivore,Monachus monachus,,,,,Predator,Shortgut,219.375,,
Moschus_chrysogaster,Cetartiodactyla,Moschidae,Moschus,EN,Alpine Musk Deer,Mixed Feeder,Mixed Feeder,Foregut,small herbivore,HerbiTRAITS,s1Mixed FeederForegut,2,14.5,,,,,,,,,,small herbivore,Moschus chrysogaster,0,0,1,0,Mixed Feeder,Foregut,10.875,,
Moschus_cupreus,Cetartiodactyla,Moschidae,Moschus,EN,Kashmir Muskdeer,Browser,Browser,Foregut,small herbivore,HerbiTRAITS,s1BrowserForegut,2,14.5,,,,,,,,,,small herbivore,Moschus cupreus,1,0,0,0,Browser,Foregut,10.875,,
Moschus_fuscus,Cetartiodactyla,Moschidae,Moschus,EN,Black Musk Deer,Mixed Feeder,Mixed Feeder,Foregut,small herbivore,HerbiTRAITS,s1Mixed FeederForegut,1,12.5,,,,,,,,,,small herbivore,Moschus fuscus,0,0,1,0,Mixed Feeder,Foregut,9.375,,
Moschus_leucogaster,Cetartiodactyla,Moschidae,Moschus,EN,Himalayan Muskdeer,Browser,Browser,Foregut,small herbivore,HerbiTRAITS,s1BrowserForegut,2,15.5,,,,,,,,,,small herbivore,Moschus leucogaster,1,0,0,0,Browser,Foregut,11.625,,
Moschus_moschiferus,Cetartiodactyla,Moschidae,Moschus,VU,Siberian Musk Deer,Browser,Browser,Foregut,small herbivore,HerbiTRAITS,s1BrowserForegut,2,13,,,,,,,,,,small herbivore,Moschus moschiferus,1,0,0,0,Browser,Foregut,9.75,,
Muntiacus_atherodes,Cetartiodactyla,Cervidae,Muntiacus,NT,Bornean Yellow Muntjac,Browser,Browser,Foregut,small herbivore,HerbiTRAITS,s1BrowserForegut,2,15.6,,,,,,,,,,small herbivore,Muntiacus atherodes,1,0,0,0,Browser,Foregut,11.7,,
Muntiacus_crinifrons,Cetartiodactyla,Cervidae,Muntiacus,VU,Black Muntjac,Browser,Browser,Foregut,small herbivore,HerbiTRAITS,s1BrowserForegut,5,36.141,,,,,,,,,,small herbivore,Muntiacus crinifrons,1,0,0,0,Browser,Foregut,27.10575,,
Muntiacus_feae,Cetartiodactyla,Cervidae,Muntiacus,DD,Fea's Muntjac,Browser,Browser,Foregut,small herbivore,HerbiTRAITS,s1BrowserForegut,3,22,,,,,,,,,,small herbivore,Muntiacus feae,1,0,0,0,Browser,Foregut,16.5,,
Muntiacus_gongshanensis,Cetartiodactyla,Cervidae,Muntiacus,DD,Gongshan Muntjac,Browser,Browser,Foregut,small herbivore,HerbiTRAITS,s1BrowserForegut,3,19.9067,,,,,,,,,,small herbivore,Muntiacus gongshanensis,1,0,0,0,Browser,Foregut,14.930025,,
Muntiacus_montanus,Cetartiodactyla,Cervidae,Muntiacus,DD,Sumatran Mountain Muntjac,Browser,Browser,Foregut,small herbivore,HerbiTRAITS,s1BrowserForegut,3,17.6198,,,,,,,,,,small herbivore,Muntiacus montanus,1,0,0,0,Browser,Foregut,13.21485,,
Muntiacus_muntjak,Cetartiodactyla,Cervidae,Muntiacus,LC,Southern Red Muntjac,Browser,Browser,Foregut,small herbivore,HerbiTRAITS,s1BrowserForegut,2,15.9258,,,,,,,,,,small herbivore,Muntiacus muntjak,1,0,0,0,Browser,Foregut,11.94435,,
Muntiacus_putaoensis,Cetartiodactyla,Cervidae,Muntiacus,DD,Leaf Muntjac,Browser,Browser,Foregut,small herbivore,HerbiTRAITS,s1BrowserForegut,1,12,,,,,,,,,,small herbivore,Muntiacus putaoensis,1,0,0,0,Browser,Foregut,9,,
Muntiacus_reevesi,Cetartiodactyla,Cervidae,Muntiacus,LC,Reeves' Muntjac,Browser,Browser,Foregut,small herbivore,HerbiTRAITS,s1BrowserForegut,2,13.5,,,,,,,,,,small herbivore,Muntiacus reevesi,1,0,0,0,Browser,Foregut,10.125,,
Muntiacus_rooseveltorum,Cetartiodactyla,Cervidae,Muntiacus,DD,Roosevelts' Muntjac,Browser,Browser,Foregut,small herbivore,HerbiTRAITS,s1BrowserForegut,2,15,,,,,,,,,,small herbivore,Muntiacus rooseveltorum,1,0,0,0,Browser,Foregut,11.25,,
Muntiacus_truongsonensis,Cetartiodactyla,Cervidae,Muntiacus,DD,Annamite Muntjac,Browser,Browser,Foregut,small herbivore,HerbiTRAITS,s1BrowserForegut,2,15,,,,,,,,,,small herbivore,Muntiacus truongsonensis,1,0,0,0,Browser,Foregut,11.25,,
Muntiacus_vaginalis,Cetartiodactyla,Cervidae,Muntiacus,LC,Northern Red Muntjac,Browser,Browser,Foregut,small herbivore,HerbiTRAITS,s1BrowserForegut,3,18.218,,,,,,,,,,small herbivore,Muntiacus vaginalis,1,0,0,0,Browser,Foregut,13.6635,,
Muntiacus_vuquangensis,Cetartiodactyla,Cervidae,Muntiacus,CR,Large-antlered Muntjac,Browser,Browser,Foregut,small herbivore,HerbiTRAITS,s1BrowserForegut,5,34,,,,,,,,,,small herbivore,Muntiacus vuquangensis,1,0,0,0,Browser,Foregut,25.5,,
Myrmecophaga_tridactyla,Pilosa,Myrmecophagidae,Myrmecophaga,VU,,,,,small herbivore,Phylacine,not_complete,3,22.3332,,,,,,,,,,small herbivore,Myrmecophaga tridactyla,,,,,Predator,Shortgut,16.7499,,
Naemorhedus_baileyi,Cetartiodactyla,Bovidae,Naemorhedus,VU,Red Goral,Mixed Feeder,Mixed Feeder,Foregut,small herbivore,HerbiTRAITS,s1Mixed FeederForegut,4,27.4875,,,,,,,,,,small herbivore,Naemorhedus baileyi,0,0,1,0,Mixed Feeder,Foregut,20.615625,,
Naemorhedus_caudatus,Cetartiodactyla,Bovidae,Naemorhedus,VU,Long-tailed Goral,Mixed Feeder,Mixed Feeder,Foregut,small herbivore,HerbiTRAITS,s1Mixed FeederForegut,4,27,,,,,,,,,,small herbivore,Naemorhedus caudatus,0,0,1,0,Mixed Feeder,Foregut,20.25,,
Naemorhedus_goral,Cetartiodactyla,Bovidae,Naemorhedus,NT,Himalayan Goral,Mixed Feeder,Mixed Feeder,Foregut,small herbivore,HerbiTRAITS,s1Mixed FeederForegut,4,28.5,,,,,,,,,,small herbivore,Naemorhedus goral,0,0,1,0,Mixed Feeder,Foregut,21.375,,
Naemorhedus_griseus,Cetartiodactyla,Bovidae,Naemorhedus,VU,Chinese Goral,Mixed Feeder,Mixed Feeder,Foregut,small herbivore,HerbiTRAITS,s1Mixed FeederForegut,4,25,,,,,,,,,,small herbivore,Naemorhedus griseus,0,0,1,0,Mixed Feeder,Foregut,18.75,,
Nanger_dama,Cetartiodactyla,Bovidae,Nanger,CR,Dama Gazelle,Mixed Feeder,Mixed Feeder,Foregut,medium herbivore,HerbiTRAITS,s2Mixed FeederForegut,6,72.9995,,,,,,,,,,medium herbivore,Nanger dama,0,0,1,0,Mixed Feeder,Foregut,54.749625,Medium-sized social mixed diets,Medium-sized social mixed diets
Nanger_granti,Cetartiodactyla,Bovidae,Nanger,LC,Grant's Gazelle,Mixed Feeder,Mixed Feeder,Foregut,medium herbivore,HerbiTRAITS,s2Mixed FeederForegut,6,54.9997,,,,,,,,,,medium herbivore,Nanger granti,0,0,1,0,Mixed Feeder,Foregut,41.249775,Medium-sized social mixed diets,Medium-sized social mixed diets
Nanger_soemmerringii,Cetartiodactyla,Bovidae,Nanger,VU,Soemmerring's Gazelle,Mixed Feeder,Mixed Feeder,Foregut,small herbivore,HerbiTRAITS,s1Mixed FeederForegut,5,40,,,,,,,,,,small herbivore,Nanger soemmerringii,0,0,1,0,Mixed Feeder,Foregut,30,Medium-sized social mixed diets,Medium-sized social mixed diets
Neofelis_diardi,Carnivora,Felidae,Neofelis,VU,,,,,small herbivore,Phylacine,not_complete,3,20.5,20.5,357.929257032506,26.5325,1,solitary,Ambush,small prey predatorsolitaryAmbush,CarniTRAITS,small prey predator,small prey predator,Neofelis diardi,,,,,Predator,Shortgut,15.375,,small prey predator
Neofelis_nebulosa,Carnivora,Felidae,Neofelis,VU,,,,,small herbivore,Phylacine,not_complete,3,20.5,20.5,357.929257032506,26.5325,1,solitary,Ambush,small prey predatorsolitaryAmbush,CarniTRAITS,small prey predator,small prey predator,Neofelis nebulosa,,,,,Predator,Shortgut,15.375,,small prey predator
Neomonachus_schauinslandi,Carnivora,Phocidae,Neomonachus,EN,,,,,large herbivore,Phylacine,not_complete,8,223,,,,,,,,,,large herbivore,Neomonachus schauinslandi,,,,,Predator,Shortgut,167.25,,
Nilgiritragus_hylocrius,Cetartiodactyla,Bovidae,Nilgiritragus,EN,Nilgiri Tahr,Mixed Feeder,Mixed Feeder,Foregut,medium herbivore,HerbiTRAITS,s2Mixed FeederForegut,6,75,,,,,,,,,,medium herbivore,Nilgiritragus hylocrius,0,0,1,0,Mixed Feeder,Foregut,56.25,,
Odobenus_rosmarus,Carnivora,Odobenidae,Odobenus,VU,,,,,large herbivore,Phylacine,not_complete,9,825,,,,,,,,,,large herbivore,Odobenus rosmarus,,,,,Predator,Shortgut,618.75,,
Odocoileus_hemionus,Cetartiodactyla,Cervidae,Odocoileus,LC,Mule Deer,Browser,Browser,Foregut,medium herbivore,HerbiTRAITS,s2BrowserForegut,6,54.2126,,,,,,,,,,medium herbivore,Odocoileus hemionus,1,0,0,0,Browser,Foregut,40.65945,,
Odocoileus_virginianus,Cetartiodactyla,Cervidae,Odocoileus,LC,White-tailed Deer,Browser,Browser,Foregut,medium herbivore,HerbiTRAITS,s2BrowserForegut,6,55.5086,,,,,,,,,,medium herbivore,Odocoileus virginianus,1,0,0,0,Browser,Foregut,41.63145,,
Okapia_johnstoni,Cetartiodactyla,Giraffidae,Okapia,EN,Okapi,Browser,Browser,Foregut,large herbivore,HerbiTRAITS,s3BrowserForegut,8,230.0011,,,,,,,,,,large herbivore,Okapia johnstoni,1,0,0,0,Browser,Foregut,172.500825,Large browsers,Large browsers
Ommatophoca_rossii,Carnivora,Phocidae,Ommatophoca,LC,,,,,large herbivore,Phylacine,not_complete,9,250,,,,,,,,,,large herbivore,Ommatophoca rossii,,,,,Predator,Shortgut,187.5,,
Oreamnos_americanus,Cetartiodactyla,Bovidae,Oreamnos,LC,Mountain Goat,Mixed Feeder,Mixed Feeder,Foregut,medium herbivore,HerbiTRAITS,s2Mixed FeederForegut,6,72.5003,,,,,,,,,,medium herbivore,Oreamnos americanus,0,0,1,0,Mixed Feeder,Foregut,54.375225,,
Oreotragus_oreotragus,Cetartiodactyla,Bovidae,Oreotragus,LC,Klipspringer,Browser,Browser,Foregut,small herbivore,HerbiTRAITS,s1BrowserForegut,2,12.9999,,,,,,,,,,small herbivore,Oreotragus oreotragus,1,0,0,0,Browser,Foregut,9.749925,Small nonsocial browsers,Small nonsocial browsers
Orycteropus_afer,Tubulidentata,Orycteropodidae,Orycteropus,LC,,,,,medium herbivore,Phylacine,not_complete,6,52.3504,,,,,,,,,,medium herbivore,Orycteropus afer,,,,,Predator,Shortgut,39.2628,,
Oryx_beisa,Cetartiodactyla,Bovidae,Oryx,NT,Beisa Oryx,Grazer,Grazer,Foregut,large herbivore,HerbiTRAITS,s3GrazerForegut,8,170,,,,,,,,,,large herbivore,Oryx beisa,0,1,0,0,Grazer,Foregut,127.5,Medium-sized social mixed diets,Medium-sized social mixed diets
Oryx_dammah,Cetartiodactyla,Bovidae,Oryx,EW,Scimitar-horned Oryx,Mixed Feeder,Mixed Feeder,Foregut,large herbivore,HerbiTRAITS,s3Mixed FeederForegut,8,200,,,,,,,,,,large herbivore,Oryx dammah,0,0,1,0,Mixed Feeder,Foregut,150,,
Oryx_gazella,Cetartiodactyla,Bovidae,Oryx,LC,Gemsbok,Mixed Feeder,Mixed Feeder,Foregut,large herbivore,HerbiTRAITS,s3Mixed FeederForegut,8,169.0013,,,,,,,,,,large herbivore,Oryx gazella,0,0,1,0,Mixed Feeder,Foregut,126.750975,Medium-sized social mixed diets,Medium-sized social mixed diets
Oryx_leucoryx,Cetartiodactyla,Bovidae,Oryx,VU,Arabian Oryx,Mixed Feeder,Mixed Feeder,Foregut,medium herbivore,HerbiTRAITS,s2Mixed FeederForegut,7,87.7,,,,,,,,,,medium herbivore,Oryx leucoryx,0,0,1,0,Mixed Feeder,Foregut,65.775,,
Otaria_byronia,Carnivora,Otariidae,Otaria,LC,,,,,large herbivore,Phylacine,not_complete,8,140,,,,,,,,,,large herbivore,Otaria byronia,,,,,Predator,Shortgut,105,,
Ourebia_ourebi,Cetartiodactyla,Bovidae,Ourebia,LC,Oribi,Mixed Feeder,Mixed Feeder,Foregut,small herbivore,HerbiTRAITS,s1Mixed FeederForegut,3,17.25,,,,,,,,,,small herbivore,Ourebia ourebi,0,0,1,0,Mixed Feeder,Foregut,12.9375,Medium-sized social mixed diets,Medium-sized social mixed diets
Ovibos_moschatus,Cetartiodactyla,Bovidae,Ovibos,LC,Muskox,Mixed Feeder,Mixed Feeder,Foregut,large herbivore,HerbiTRAITS,s3Mixed FeederForegut,9,340.5011,,,,,,,,,,large herbivore,Ovibos moschatus,0,0,1,0,Mixed Feeder,Foregut,255.375825,,
Ovis_ammon,Cetartiodactyla,Bovidae,Ovis,NT,Argali,Mixed Feeder,Mixed Feeder,Foregut,large herbivore,HerbiTRAITS,s3Mixed FeederForegut,8,180,,,,,,,,,,large herbivore,Ovis ammon,0,0,1,0,Mixed Feeder,Foregut,135,,
Ovis_canadensis,Cetartiodactyla,Bovidae,Ovis,LC,Bighorn Sheep,Mixed Feeder,Mixed Feeder,Foregut,medium herbivore,HerbiTRAITS,s2Mixed FeederForegut,6,74.6449,,,,,,,,,,medium herbivore,Ovis canadensis,0,0,1,0,Mixed Feeder,Foregut,55.983675,,
Ovis_dalli,Cetartiodactyla,Bovidae,Ovis,LC,Thinhorn Sheep; Dall's Sheep,Grazer,Grazer,Foregut,medium herbivore,HerbiTRAITS,s2GrazerForegut,6,55.6506,,,,,,,,,,medium herbivore,Ovis dalli,0,1,0,0,Grazer,Foregut,41.73795,,
Ovis_nivicola,Cetartiodactyla,Bovidae,Ovis,LC,Snow Sheep,Mixed Feeder,Mixed Feeder,Foregut,medium herbivore,HerbiTRAITS,s2Mixed FeederForegut,7,90,,,,,,,,,,medium herbivore,Ovis nivicola,0,0,1,0,Mixed Feeder,Foregut,67.5,,
Ovis_orientalis,Cetartiodactyla,Bovidae,Ovis,VU,Mouflon,Mixed Feeder,Mixed Feeder,Foregut,medium herbivore,HerbiTRAITS,s2Mixed FeederForegut,6,60,,,,,,,,,,medium herbivore,Ovis orientalis,0,0,1,0,Mixed Feeder,Foregut,45,,
Ozotoceros_bezoarticus,Cetartiodactyla,Cervidae,Ozotoceros,NT,Pampas Deer,Mixed Feeder,Mixed Feeder,Foregut,small herbivore,HerbiTRAITS,s1Mixed FeederForegut,5,40,,,,,,,,,,small herbivore,Ozotoceros bezoarticus,0,0,1,0,Mixed Feeder,Foregut,30,,
Pagophilus_groenlandicus,Carnivora,Phocidae,Pagophilus,LC,,,,,large herbivore,Phylacine,not_complete,7,120,,,,,,,,,,large herbivore,Pagophilus groenlandicus,,,,,Predator,Shortgut,90,,
Pan_paniscus,Primates,Hominidae,Pan,EN,Bonobo,Browser,Browser,Hindgut,small herbivore,HerbiTRAITS,s1BrowserHindgut,5,34.0001,,,,,,,,,,small herbivore,Pan paniscus,1,0,0,0,Browser,Hindgut,25.500075,,
Pan_troglodytes,Primates,Hominidae,Pan,EN,Chimpanzee,Browser,Browser,Hindgut,small herbivore,HerbiTRAITS,s1BrowserHindgut,5,42.5,,,,,,,,,,small herbivore,Pan troglodytes,1,0,0,0,Browser,Hindgut,31.875,,
Panthera_leo,Carnivora,Felidae,Panthera,VU,,,,,large herbivore,Phylacine,not_complete,8,161.4991,161.4991,3587.0219971,761.613821922436,4,cooperative hunter,Pursuit,large prey predatorcooperative hunterPursuit,CarniTRAITS,large prey predator,large prey predator,Panthera leo,,,,,Predator,Shortgut,121.124325,,large prey predator
Panthera_onca,Carnivora,Felidae,Panthera,NT,,,,,large herbivore,Phylacine,not_complete,7,100,100,1157.81359967563,205.01,1,solitary,Ambush,large prey predatorsolitaryAmbush,CarniTRAITS,large prey predator,large prey predator,Panthera onca,,,,,Predator,Shortgut,75,,large prey predator
Panthera_pardus,Carnivora,Felidae,Panthera,VU,,,,,medium herbivore,Phylacine,not_complete,6,54.9997,54.9997,856.058598779456,103.9843265,1,solitary,Ambush,large prey predatorsolitaryAmbush,CarniTRAITS,large prey predator,large prey predator,Panthera pardus,,,,,Predator,Shortgut,41.249775,,large prey predator
Panthera_tigris,Carnivora,Felidae,Panthera,EN,,,,,large herbivore,Phylacine,not_complete,8,162.564,162.564,1403.06756538493,345.46618,2,solitary,Ambush,large prey predatorsolitaryAmbush,CarniTRAITS,large prey predator,large prey predator,Panthera tigris,,,,,Predator,Shortgut,121.923,,large prey predator
Panthera_uncia,Carnivora,Felidae,Panthera,EN,,,,,small herbivore,Phylacine,not_complete,5,44.167,44.167,745.343967214233,79.664915,1,solitary,Ambush,medium prey predatorsolitaryAmbush,CarniTRAITS,medium prey predator,medium prey predator,Panthera uncia,,,,,Predator,Shortgut,33.12525,,medium prey predator
Pantholops_hodgsonii,Cetartiodactyla,Bovidae,Pantholops,NT,Chiru,Mixed Feeder,Mixed Feeder,Foregut,small herbivore,HerbiTRAITS,s1Mixed FeederForegut,4,27.5,,,,,,,,,,small herbivore,Pantholops hodgsonii,0,0,1,0,Mixed Feeder,Foregut,20.625,,
Papio_anubis,Primates,Cercopithecidae,Papio,LC,Olive Baboon,Omnivore,Mixed Feeder,Hindgut,small herbivore,HerbiTRAITS,s1OmnivoreHindgut,4,28.3292,,,,,,,,,,small herbivore,Papio anubis,0,0,1,1,Omnivore,Hindgut,21.2469,,
Papio_cynocephalus,Primates,Cercopithecidae,Papio,LC,Yellow Baboon,Omnivore,Mixed Feeder,Hindgut,small herbivore,HerbiTRAITS,s1OmnivoreHindgut,3,19.484,,,,,,,,,,small herbivore,Papio cynocephalus,0,0,1,1,Omnivore,Hindgut,14.613,,
Papio_hamadryas,Primates,Cercopithecidae,Papio,LC,Hamadryas Baboon,Omnivore,Mixed Feeder,Hindgut,small herbivore,HerbiTRAITS,s1OmnivoreHindgut,2,14.9722,,,,,,,,,,small herbivore,Papio hamadryas,0,0,1,1,Omnivore,Hindgut,11.22915,,
Papio_kindae,Primates,Cercopithecidae,Papio,LC,Kinda Baboon,Omnivore,Mixed Feeder,Hindgut,small herbivore,HerbiTRAITS,s1OmnivoreHindgut,2,13,,,,,,,,,,small herbivore,Papio kindae,0,0,1,1,Omnivore,Hindgut,9.75,,
Papio_papio,Primates,Cercopithecidae,Papio,NT,Guinea Baboon,Omnivore,Mixed Feeder,Hindgut,small herbivore,HerbiTRAITS,s1OmnivoreHindgut,2,15.5002,,,,,,,,,,small herbivore,Papio papio,0,0,1,1,Omnivore,Hindgut,11.62515,,
Papio_ursinus,Primates,Cercopithecidae,Papio,LC,Chacma Baboon,Omnivore,Mixed Feeder,Hindgut,small herbivore,HerbiTRAITS,s1OmnivoreHindgut,4,27.9391,,,,,,,,,,small herbivore,Papio ursinus,0,0,1,1,Omnivore,Hindgut,20.954325,,
Parahyaena_brunnea,Carnivora,Hyaenidae,Parahyaena,NT,,,,,small herbivore,Phylacine,not_complete,4,32.2003,32.2003,585.845049784948,52.7996735,1,solitary,,not_complete,CarniTRAITS,medium prey predator,medium prey predator,Parahyaena brunnea,,,,,Predator,Shortgut,24.150225,,medium prey predator
Pecari_tajacu,Cetartiodactyla,Tayassuidae,Pecari,LC,Collared Peccary,Browser,Browser,Foregut,small herbivore,HerbiTRAITS,s1BrowserForegut,3,21.2667,,,,,,,,,,small herbivore,Pecari tajacu,1,0,0,0,Browser,Foregut,15.950025,,
Pelea_capreolus,Cetartiodactyla,Bovidae,Pelea,LC,Grey Rhebok,Browser,Browser,Foregut,small herbivore,HerbiTRAITS,s1BrowserForegut,3,20,,,,,,,,,,small herbivore,Pelea capreolus,1,0,0,0,Browser,Foregut,15,Small nonsocial browsers,Small nonsocial browsers
Phacochoerus_aethiopicus,Cetartiodactyla,Suidae,Phacochoerus,LC,Desert Warthog,Grazer,Grazer,Hindgut,medium herbivore,HerbiTRAITS,s2GrazerHindgut,6,71.0003,,,,,,,,,,medium herbivore,Phacochoerus aethiopicus,0,1,0,0,Grazer,Hindgut,53.250225,Nonruminants,Nonruminants
Phacochoerus_africanus,Cetartiodactyla,Suidae,Phacochoerus,LC,Common Warthog,Grazer,Grazer,Hindgut,medium herbivore,HerbiTRAITS,s2GrazerHindgut,7,82.5,,,,,,,,,,medium herbivore,Phacochoerus africanus,0,1,0,0,Grazer,Hindgut,61.875,Nonruminants,Nonruminants
Phascolarctos_cinereus,Diprotodontia,Phascolarctidae,Phascolarctos,VU,Koala,Browser,Browser,Hindgut,small herbivore,HerbiTRAITS,s1BrowserHindgut,1,10.25,,,,,,,,,,small herbivore,Phascolarctos cinereus,1,0,0,0,Browser,Hindgut,7.6875,,
Philantomba_maxwellii,Cetartiodactyla,Bovidae,Philantomba,LC,Maxwell's Duiker,Browser,Browser,Foregut,small herbivore,HerbiTRAITS,s1BrowserForegut,1,12,,,,,,,,,,small herbivore,Philantomba maxwellii,1,0,0,0,Browser,Foregut,9,Small nonsocial browsers,Small nonsocial browsers
Phoca_largha,Carnivora,Phocidae,Phoca,LC,,,,,large herbivore,Phylacine,not_complete,8,150,,,,,,,,,,large herbivore,Phoca largha,,,,,Predator,Shortgut,112.5,,
Phoca_vitulina,Carnivora,Phocidae,Phoca,LC,,,,,large herbivore,Phylacine,not_complete,7,100,,,,,,,,,,large herbivore,Phoca vitulina,,,,,Predator,Shortgut,75,,
Phocarctos_hookeri,Carnivora,Otariidae,Phocarctos,EN,,,,,large herbivore,Phylacine,not_complete,7,112.3,,,,,,,,,,large herbivore,Phocarctos hookeri,,,,,Predator,Shortgut,84.225,,
Piliocolobus_bouvieri,Primates,Cercopithecidae,Piliocolobus,CR,Bouvier's Red Colobus,Browser,Browser,Foregut,small herbivore,HerbiTRAITS,s1BrowserForegut,1,10.3348,,,,,,,,,,small herbivore,Piliocolobus bouvieri,1,0,0,0,Browser,Foregut,7.7511,,
Piliocolobus_epieni,Primates,Cercopithecidae,Piliocolobus,CR,Niger Delta Red Colobus,Browser,Browser,Foregut,small herbivore,HerbiTRAITS,s1BrowserForegut,1,10.3015,,,,,,,,,,small herbivore,Piliocolobus epieni,1,0,0,0,Browser,Foregut,7.726125,,
Piliocolobus_oustaleti,Primates,Cercopithecidae,Piliocolobus,LC,Oustalet's Red Colobus,Browser,Browser,Foregut,small herbivore,HerbiTRAITS,s1BrowserForegut,1,10.35,,,,,,,,,,small herbivore,Piliocolobus oustaleti,1,0,0,0,Browser,Foregut,7.7625,,
Piliocolobus_pennantii,Primates,Cercopithecidae,Piliocolobus,EN,Pennant's Red Colobus,Browser,Browser,Foregut,small herbivore,HerbiTRAITS,s1BrowserForegut,1,10.896,,,,,,,,,,small herbivore,Piliocolobus pennantii,1,0,0,0,Browser,Foregut,8.172,,
Pongo_abelii,Primates,Hominidae,Pongo,CR,Sumatran Orangutan,Browser,Browser,Hindgut,medium herbivore,HerbiTRAITS,s2BrowserHindgut,6,56.75,,,,,,,,,,medium herbivore,Pongo abelii,1,0,0,0,Browser,Hindgut,42.5625,,
Pongo_pygmaeus,Primates,Hominidae,Pongo,CR,Bornean Orangutan,Browser,Browser,Hindgut,medium herbivore,HerbiTRAITS,s2BrowserHindgut,6,57.15,,,,,,,,,,medium herbivore,Pongo pygmaeus,1,0,0,0,Browser,Hindgut,42.8625,,
Potamochoerus_larvatus,Cetartiodactyla,Suidae,Potamochoerus,LC,Bushpig,Omnivore,Browser,Hindgut,medium herbivore,HerbiTRAITS,s2OmnivoreHindgut,7,97.5,,,,,,,,,,medium herbivore,Potamochoerus larvatus,1,0,0,1,Omnivore,Hindgut,73.125,Nonruminants,Nonruminants
Potamochoerus_porcus,Cetartiodactyla,Suidae,Potamochoerus,LC,Red River Hog,Omnivore,Browser,Hindgut,medium herbivore,HerbiTRAITS,s2OmnivoreHindgut,6,70.0003,,,,,,,,,,medium herbivore,Potamochoerus porcus,1,0,0,1,Omnivore,Hindgut,52.500225,Nonruminants,Nonruminants
Priodontes_maximus,Cingulata,CingulataFam,Priodontes,VU,,,,,medium herbivore,Phylacine,not_complete,5,45.3597,,,,,,,,,,medium herbivore,Priodontes maximus,,,,,Predator,Shortgut,34.019775,,
Procapra_gutturosa,Cetartiodactyla,Bovidae,Procapra,LC,Mongolian Gazelle,Mixed Feeder,Mixed Feeder,Foregut,small herbivore,HerbiTRAITS,s1Mixed FeederForegut,4,27.75,,,,,,,,,,small herbivore,Procapra gutturosa,0,0,1,0,Mixed Feeder,Foregut,20.8125,,
Procapra_picticaudata,Cetartiodactyla,Bovidae,Procapra,NT,Tibetan Gazelle,Browser,Browser,Foregut,small herbivore,HerbiTRAITS,s1BrowserForegut,3,20,,,,,,,,,,small herbivore,Procapra picticaudata,1,0,0,0,Browser,Foregut,15,,
Procapra_przewalskii,Cetartiodactyla,Bovidae,Procapra,EN,Przewalski's Gazelle,Mixed Feeder,Mixed Feeder,Foregut,small herbivore,HerbiTRAITS,s1Mixed FeederForegut,4,27.5,,,,,,,,,,small herbivore,Procapra przewalskii,0,0,1,0,Mixed Feeder,Foregut,20.625,,
Pseudois_nayaur,Cetartiodactyla,Bovidae,Pseudois,LC,Blue Sheep,Mixed Feeder,Mixed Feeder,Foregut,medium herbivore,HerbiTRAITS,s2Mixed FeederForegut,5,45,,,,,,,,,,medium herbivore,Pseudois nayaur,0,0,1,0,Mixed Feeder,Foregut,33.75,,
Pseudoryx_nghetinhensis,Cetartiodactyla,Bovidae,Pseudoryx,CR,Saola,Browser,Browser,Foregut,medium herbivore,HerbiTRAITS,s2BrowserForegut,7,85,,,,,,,,,,medium herbivore,Pseudoryx nghetinhensis,1,0,0,0,Browser,Foregut,63.75,,
Pteronura_brasiliensis,Carnivora,Mustelidae,Pteronura,EN,,,,,small herbivore,Phylacine,not_complete,4,23.9999,,,,,,,,,,small herbivore,Pteronura brasiliensis,,,,,Predator,Shortgut,17.999925,,
Puma_concolor,Carnivora,Felidae,Puma,LC,,,,,medium herbivore,Phylacine,not_complete,5,51.6,51.6,823.85312897135,96.352,1,solitary,Ambush,medium prey predatorsolitaryAmbush,CarniTRAITS,medium prey predator,medium prey predator,Puma concolor,,,,,Predator,Shortgut,38.7,,medium prey predator
Pusa_caspica,Carnivora,Phocidae,Pusa,EN,,,,,medium herbivore,Phylacine,not_complete,7,86,,,,,,,,,,medium herbivore,Pusa caspica,,,,,Predator,Shortgut,64.5,,
Pusa_hispida,Carnivora,Phocidae,Pusa,LC,,,,,medium herbivore,Phylacine,not_complete,7,90.9,,,,,,,,,,medium herbivore,Pusa hispida,,,,,Predator,Shortgut,68.175,,
Pusa_sibirica,Carnivora,Phocidae,Pusa,LC,,,,,medium herbivore,Phylacine,not_complete,7,90,,,,,,,,,,medium herbivore,Pusa sibirica,,,,,Predator,Shortgut,67.5,,
Rangifer_tarandus,Cetartiodactyla,Cervidae,Rangifer,VU,Caribou; Reindeer,Mixed Feeder,Mixed Feeder,Foregut,medium herbivore,HerbiTRAITS,s2Mixed FeederForegut,7,86.034,,,,,,,,,,medium herbivore,Rangifer tarandus,0,0,1,0,Mixed Feeder,Foregut,64.5255,,
Raphicerus_campestris,Cetartiodactyla,Bovidae,Raphicerus,LC,Steenbok,Mixed Feeder,Mixed Feeder,Foregut,small herbivore,HerbiTRAITS,s1Mixed FeederForegut,1,10.5,,,,,,,,,,small herbivore,Raphicerus campestris,0,0,1,0,Mixed Feeder,Foregut,7.875,Small nonsocial browsers,Small nonsocial browsers
Raphicerus_melanotis,Cetartiodactyla,Bovidae,Raphicerus,LC,Cape Grysbok,Mixed Feeder,Mixed Feeder,Foregut,small herbivore,HerbiTRAITS,s1Mixed FeederForegut,1,10.2499,,,,,,,,,,small herbivore,Raphicerus melanotis,0,0,1,0,Mixed Feeder,Foregut,7.687425,Small nonsocial browsers,Small nonsocial browsers
Redunca_arundinum,Cetartiodactyla,Bovidae,Redunca,LC,Southern Reedbuck,Mixed Feeder,Mixed Feeder,Foregut,medium herbivore,HerbiTRAITS,s2Mixed FeederForegut,6,58.0003,,,,,,,,,,medium herbivore,Redunca arundinum,0,0,1,0,Mixed Feeder,Foregut,43.500225,Water-dependent grazers,Water-dependent grazers
Redunca_fulvorufula,Cetartiodactyla,Bovidae,Redunca,LC,Mountain Reedbuck,Grazer,Grazer,Foregut,small herbivore,HerbiTRAITS,s1GrazerForegut,4,29.4999,,,,,,,,,,small herbivore,Redunca fulvorufula,0,1,0,0,Grazer,Foregut,22.124925,Water-dependent grazers,Water-dependent grazers
Redunca_redunca,Cetartiodactyla,Bovidae,Redunca,LC,Bohor Reedbuck,Mixed Feeder,Mixed Feeder,Foregut,small herbivore,HerbiTRAITS,s1Mixed FeederForegut,5,44.0504,,,,,,,,,,small herbivore,Redunca redunca,0,0,1,0,Mixed Feeder,Foregut,33.0378,Medium-sized social mixed diets,Medium-sized social mixed diets
Rhinoceros_sondaicus,Perissodactyla,Rhinocerotidae,Rhinoceros,CR,Javan Rhinoceros,Browser,Browser,Hindgut,megaherbivore,HerbiTRAITS,s4BrowserHindgut,10,1750,,,,,,,,,,megaherbivore,Rhinoceros sondaicus,1,0,0,0,Browser,Hindgut,1312.5,,
Rhinoceros_unicornis,Perissodactyla,Rhinocerotidae,Rhinoceros,VU,Greater One-horned Rhino,Mixed Feeder,Mixed Feeder,Hindgut,megaherbivore,HerbiTRAITS,s4Mixed FeederHindgut,10,1602.333,,,,,,,,,,megaherbivore,Rhinoceros unicornis,0,0,1,0,Mixed Feeder,Hindgut,1201.74975,,
Rhinopithecus_brelichi,Primates,Cercopithecidae,Rhinopithecus,EN,Grey Snub-nosed Monkey,Browser,Browser,Foregut,small herbivore,HerbiTRAITS,s1BrowserForegut,1,11.5,,,,,,,,,,small herbivore,Rhinopithecus brelichi,1,0,0,0,Browser,Foregut,8.625,,
Rhinopithecus_roxellana,Primates,Cercopithecidae,Rhinopithecus,EN,Golden Snub-nosed Monkey,Browser,Browser,Foregut,small herbivore,HerbiTRAITS,s1BrowserForegut,1,12.125,,,,,,,,,,small herbivore,Rhinopithecus roxellana,1,0,0,0,Browser,Foregut,9.09375,,
Rhinopithecus_strykeri,Primates,Cercopithecidae,Rhinopithecus,CR,Myanmar Snub-nosed Monkey,Browser,Browser,Foregut,small herbivore,HerbiTRAITS,s1BrowserForegut,1,11.25,,,,,,,,,,small herbivore,Rhinopithecus strykeri,1,0,0,0,Browser,Foregut,8.4375,,
Rucervus_duvaucelii,Cetartiodactyla,Cervidae,Rucervus,VU,Barasingha,Mixed Feeder,Mixed Feeder,Foregut,large herbivore,HerbiTRAITS,s3Mixed FeederForegut,8,143,,,,,,,,,,large herbivore,Rucervus duvaucelii,0,0,1,0,Mixed Feeder,Foregut,107.25,,
Rucervus_eldii,Cetartiodactyla,Cervidae,Rucervus,EN,Brow-antlered Deer,Grazer,Grazer,Foregut,medium herbivore,HerbiTRAITS,s2GrazerForegut,6,73,,,,,,,,,,medium herbivore,Rucervus eldii,0,1,0,0,Grazer,Foregut,54.75,,
Rungwecebus_kipunji,Primates,Cercopithecidae,Rungwecebus,CR,Kipunji,Browser,Browser,Hindgut,small herbivore,HerbiTRAITS,s1BrowserHindgut,2,13,,,,,,,,,,small herbivore,Rungwecebus kipunji,1,0,0,0,Browser,Hindgut,9.75,,
Rupicapra_pyrenaica,Cetartiodactyla,Bovidae,Rupicapra,LC,Pyrenean Chamois,Mixed Feeder,Mixed Feeder,Foregut,small herbivore,HerbiTRAITS,s1Mixed FeederForegut,4,30,,,,,,,,,,small herbivore,Rupicapra pyrenaica,0,0,1,0,Mixed Feeder,Foregut,22.5,,
Rupicapra_rupicapra,Cetartiodactyla,Bovidae,Rupicapra,LC,Northern Chamois,Mixed Feeder,Mixed Feeder,Foregut,small herbivore,HerbiTRAITS,s1Mixed FeederForegut,4,26.1,,,,,,,,,,small herbivore,Rupicapra rupicapra,0,0,1,0,Mixed Feeder,Foregut,19.575,,
Rusa_alfredi,Cetartiodactyla,Cervidae,Rusa,EN,Philippine Spotted Deer,Browser,Browser,Foregut,medium herbivore,HerbiTRAITS,s2BrowserForegut,5,47.5,,,,,,,,,,medium herbivore,Rusa alfredi,1,0,0,0,Browser,Foregut,35.625,,
Rusa_marianna,Cetartiodactyla,Cervidae,Rusa,VU,Philippine Deer,Mixed Feeder,Mixed Feeder,Foregut,medium herbivore,HerbiTRAITS,s2Mixed FeederForegut,5,50,,,,,,,,,,medium herbivore,Rusa marianna,0,0,1,0,Mixed Feeder,Foregut,37.5,,
Rusa_timorensis,Cetartiodactyla,Cervidae,Rusa,VU,Javan Deer,Mixed Feeder,Mixed Feeder,Foregut,medium herbivore,HerbiTRAITS,s2Mixed FeederForegut,6,63,,,,,,,,,,medium herbivore,Rusa timorensis,0,0,1,0,Mixed Feeder,Foregut,47.25,,
Rusa_unicolor,Cetartiodactyla,Cervidae,Rusa,VU,Sambar,Mixed Feeder,Mixed Feeder,Foregut,large herbivore,HerbiTRAITS,s3Mixed FeederForegut,8,180.3444,,,,,,,,,,large herbivore,Rusa unicolor,0,0,1,0,Mixed Feeder,Foregut,135.2583,,
Saiga_tatarica,Cetartiodactyla,Bovidae,Saiga,CR,Saiga,Mixed Feeder,Mixed Feeder,Foregut,small herbivore,HerbiTRAITS,s1Mixed FeederForegut,4,29,,,,,,,,,,small herbivore,Saiga tatarica,0,0,1,0,Mixed Feeder,Foregut,21.75,,
Sarcophilus_harrisii,Dasyuromorphia,Dasyuridae,Sarcophilus,EN,,,,,small herbivore,Phylacine,not_complete,1,11,11,43.7136599922496,5.205,1,solitary,Pounce pursuit,small prey predatorsolitaryPounce pursuit,CarniTRAITS,small prey predator,small prey predator,Sarcophilus harrisii,,,,,Predator,Shortgut,8.25,,small prey predator
Semnopithecus_ajax,Primates,Cercopithecidae,Semnopithecus,EN,Kashmir Gray Langur,Browser,Browser,Foregut,small herbivore,HerbiTRAITS,s1BrowserForegut,3,20.15,,,,,,,,,,small herbivore,Semnopithecus ajax,1,0,0,0,Browser,Foregut,15.1125,,
Semnopithecus_dussumieri,Primates,Cercopithecidae,Semnopithecus,LC,Southern Plains Gray Langur,Browser,Browser,Foregut,small herbivore,HerbiTRAITS,s1BrowserForegut,2,13.1,,,,,,,,,,small herbivore,Semnopithecus dussumieri,1,0,0,0,Browser,Foregut,9.825,,
Semnopithecus_entellus,Primates,Cercopithecidae,Semnopithecus,LC,Northern Plains Gray Langur,Omnivore,Browser,Foregut,small herbivore,HerbiTRAITS,s1OmnivoreForegut,2,14.5,,,,,,,,,,small herbivore,Semnopithecus entellus,1,0,0,1,Omnivore,Foregut,10.875,,
Semnopithecus_hector,Primates,Cercopithecidae,Semnopithecus,NT,Tarai Gray Langur,Browser,Browser,Foregut,small herbivore,HerbiTRAITS,s1BrowserForegut,3,17.35,,,,,,,,,,small herbivore,Semnopithecus hector,1,0,0,0,Browser,Foregut,13.0125,,
Semnopithecus_priam,Primates,Cercopithecidae,Semnopithecus,NT,Tufted Gray Langur,Browser,Browser,Foregut,small herbivore,HerbiTRAITS,s1BrowserForegut,1,12.45,,,,,,,,,,small herbivore,Semnopithecus priam,1,0,0,0,Browser,Foregut,9.3375,,
Semnopithecus_schistaceus,Primates,Cercopithecidae,Semnopithecus,LC,Nepal Sacred Langur,Browser,Browser,Foregut,small herbivore,HerbiTRAITS,s1BrowserForegut,3,17.35,,,,,,,,,,small herbivore,Semnopithecus schistaceus,1,0,0,0,Browser,Foregut,13.0125,,
Smutsia_gigantea,Pholidota,Manidae,Smutsia,VU,,,,,small herbivore,Phylacine,not_complete,5,32.9997,,,,,,,,,,small herbivore,Smutsia gigantea,,,,,Predator,Shortgut,24.749775,,
Sus_ahoenobarbus,Cetartiodactyla,Suidae,Sus,VU,Palawan Bearded Pig,Omnivore,Browser,Hindgut,medium herbivore,HerbiTRAITS,s2OmnivoreHindgut,6,56.7497,,,,,,,,,,medium herbivore,Sus ahoenobarbus,1,0,0,1,Omnivore,Hindgut,42.562275,,
Sus_barbatus,Cetartiodactyla,Suidae,Sus,VU,Bearded Pig,Omnivore,Browser,Hindgut,medium herbivore,HerbiTRAITS,s2OmnivoreHindgut,6,70.5,,,,,,,,,,medium herbivore,Sus barbatus,1,0,0,1,Omnivore,Hindgut,52.875,,
Sus_cebifrons,Cetartiodactyla,Suidae,Sus,CR,Visayan Warty Pig,Omnivore,Browser,Hindgut,small herbivore,HerbiTRAITS,s1OmnivoreHindgut,4,32.5,,,,,,,,,,small herbivore,Sus cebifrons,1,0,0,1,Omnivore,Hindgut,24.375,,
Sus_celebensis,Cetartiodactyla,Suidae,Sus,NT,Sulawesi Warty Pig,Omnivore,Browser,Hindgut,medium herbivore,HerbiTRAITS,s2OmnivoreHindgut,6,55,,,,,,,,,,medium herbivore,Sus celebensis,1,0,0,1,Omnivore,Hindgut,41.25,,
Sus_oliveri,Cetartiodactyla,Suidae,Sus,VU,Oliver's Warty Pig,Omnivore,Browser,Hindgut,small herbivore,HerbiTRAITS,s1OmnivoreHindgut,5,44.8012,,,,,,,,,,small herbivore,Sus oliveri,1,0,0,1,Omnivore,Hindgut,33.6009,,
Sus_philippensis,Cetartiodactyla,Suidae,Sus,VU,Philippine Warty Pig,Omnivore,Browser,Hindgut,small herbivore,HerbiTRAITS,s1OmnivoreHindgut,5,44.2535,,,,,,,,,,small herbivore,Sus philippensis,1,0,0,1,Omnivore,Hindgut,33.190125,,
Sus_scrofa,Cetartiodactyla,Suidae,Sus,LC,Wild Boar,Omnivore,Browser,Hindgut,large herbivore,HerbiTRAITS,s3OmnivoreHindgut,7,101.0521,,,,,,,,,,large herbivore,Sus scrofa,1,0,0,1,Omnivore,Hindgut,75.789075,,
Sus_verrucosus,Cetartiodactyla,Suidae,Sus,EN,Javan Warty Pig,Omnivore,Browser,Hindgut,medium herbivore,HerbiTRAITS,s2OmnivoreHindgut,7,92.5,,,,,,,,,,medium herbivore,Sus verrucosus,1,0,0,1,Omnivore,Hindgut,69.375,,
Sylvicapra_grimmia,Cetartiodactyla,Bovidae,Sylvicapra,LC,Common Duiker,Browser,Browser,Foregut,small herbivore,HerbiTRAITS,s1BrowserForegut,3,19.4998,,,,,,,,,,small herbivore,Sylvicapra grimmia,1,0,0,0,Browser,Foregut,14.62485,Small nonsocial browsers,Small nonsocial browsers
Syncerus_caffer,Cetartiodactyla,Bovidae,Syncerus,LC,African Buffalo,Mixed Feeder,Mixed Feeder,Foregut,large herbivore,HerbiTRAITS,s3Mixed FeederForegut,9,580.0027,,,,,,,,,,large herbivore,Syncerus caffer,0,0,1,0,Mixed Feeder,Foregut,435.002025,Water-dependent grazers,Water-dependent grazers
Tapirus_bairdii,Perissodactyla,Tapiridae,Tapirus,EN,Baird's Tapir,Browser,Browser,Hindgut,large herbivore,HerbiTRAITS,s3BrowserHindgut,9,299.9991,,,,,,,,,,large herbivore,Tapirus bairdii,1,0,0,0,Browser,Hindgut,224.999325,,
Tapirus_indicus,Perissodactyla,Tapiridae,Tapirus,EN,Malay Tapir,Browser,Browser,Hindgut,large herbivore,HerbiTRAITS,s3BrowserHindgut,9,296.25,,,,,,,,,,large herbivore,Tapirus indicus,1,0,0,0,Browser,Hindgut,222.1875,,
Tapirus_pinchaque,Perissodactyla,Tapiridae,Tapirus,EN,Mountain Tapir,Browser,Browser,Hindgut,large herbivore,HerbiTRAITS,s3BrowserHindgut,8,148.9498,,,,,,,,,,large herbivore,Tapirus pinchaque,1,0,0,0,Browser,Hindgut,111.71235,,
Tapirus_terrestris,Perissodactyla,Tapiridae,Tapirus,VU,Lowland Tapir,Browser,Browser,Hindgut,large herbivore,HerbiTRAITS,s3BrowserHindgut,8,207.5009,,,,,,,,,,large herbivore,Tapirus terrestris,1,0,0,0,Browser,Hindgut,155.625675,,
Tayassu_pecari,Cetartiodactyla,Tayassuidae,Tayassu,VU,White-lipped Peccary,Browser,Browser,Foregut,small herbivore,HerbiTRAITS,s1BrowserForegut,4,32.2337,,,,,,,,,,small herbivore,Tayassu pecari,1,0,0,0,Browser,Foregut,24.175275,,
Tetracerus_quadricornis,Cetartiodactyla,Bovidae,Tetracerus,VU,Four-horned Antelope,Mixed Feeder,Mixed Feeder,Foregut,small herbivore,HerbiTRAITS,s1Mixed FeederForegut,3,19,,,,,,,,,,small herbivore,Tetracerus quadricornis,0,0,1,0,Mixed Feeder,Foregut,14.25,,
Theropithecus_gelada,Primates,Cercopithecidae,Theropithecus,LC,Gelada,Grazer,Grazer,Hindgut,small herbivore,HerbiTRAITS,s1GrazerHindgut,3,17.0498,,,,,,,,,,small herbivore,Theropithecus gelada,0,1,0,0,Grazer,Hindgut,12.78735,,
Trachypithecus_johnii,Primates,Cercopithecidae,Trachypithecus,VU,Nilgiri Langur,Browser,Browser,Foregut,small herbivore,HerbiTRAITS,s1BrowserForegut,1,11.921,,,,,,,,,,small herbivore,Trachypithecus johnii,1,0,0,0,Browser,Foregut,8.94075,,
Trachypithecus_pileatus,Primates,Cercopithecidae,Trachypithecus,VU,Capped Langur,Browser,Browser,Foregut,small herbivore,HerbiTRAITS,s1BrowserForegut,1,11.45,,,,,,,,,,small herbivore,Trachypithecus pileatus,1,0,0,0,Browser,Foregut,8.5875,,
Trachypithecus_shortridgei,Primates,Cercopithecidae,Trachypithecus,EN,Shortridge's Langur,Browser,Browser,Foregut,small herbivore,HerbiTRAITS,s1BrowserForegut,4,28.5,,,,,,,,,,small herbivore,Trachypithecus shortridgei,1,0,0,0,Browser,Foregut,21.375,,
Tragelaphus_angasii,Cetartiodactyla,Bovidae,Tragelaphus,LC,Nyala,Mixed Feeder,Mixed Feeder,Foregut,medium herbivore,HerbiTRAITS,s2Mixed FeederForegut,7,86.6004,,,,,,,,,,medium herbivore,Tragelaphus angasii,0,0,1,0,Mixed Feeder,Foregut,64.9503,Large browsers,Large browsers
Tragelaphus_buxtoni,Cetartiodactyla,Bovidae,Tragelaphus,EN,Mountain Nyala,Mixed Feeder,Mixed Feeder,Foregut,large herbivore,HerbiTRAITS,s3Mixed FeederForegut,8,215.0008,,,,,,,,,,large herbivore,Tragelaphus buxtoni,0,0,1,0,Mixed Feeder,Foregut,161.2506,Large browsers,Large browsers
Tragelaphus_derbianus,Cetartiodactyla,Bovidae,Tragelaphus,LC,Giant Eland,Browser,Browser,Foregut,large herbivore,HerbiTRAITS,s3BrowserForegut,9,680,,,,,,,,,,large herbivore,Tragelaphus derbianus,1,0,0,0,Browser,Foregut,510,Large browsers,Large browsers
Tragelaphus_eurycerus,Cetartiodactyla,Bovidae,Tragelaphus,NT,Bongo,Mixed Feeder,Mixed Feeder,Foregut,large herbivore,HerbiTRAITS,s3Mixed FeederForegut,9,329.0031,,,,,,,,,,large herbivore,Tragelaphus eurycerus,0,0,1,0,Mixed Feeder,Foregut,246.752325,Large browsers,Large browsers
Tragelaphus_imberbis,Cetartiodactyla,Bovidae,Tragelaphus,NT,Lesser Kudu,Mixed Feeder,Mixed Feeder,Foregut,medium herbivore,HerbiTRAITS,s2Mixed FeederForegut,7,81.5755,,,,,,,,,,medium herbivore,Tragelaphus imberbis,0,0,1,0,Mixed Feeder,Foregut,61.181625,Medium-sized social mixed diets,Medium-sized social mixed diets
Tragelaphus_oryx,Cetartiodactyla,Bovidae,Tragelaphus,LC,Common Eland,Mixed Feeder,Mixed Feeder,Foregut,large herbivore,HerbiTRAITS,s3Mixed FeederForegut,9,569.9936,,,,,,,,,,large herbivore,Tragelaphus oryx,0,0,1,0,Mixed Feeder,Foregut,427.4952,Medium-sized social mixed diets,Medium-sized social mixed diets
Tragelaphus_scriptus,Cetartiodactyla,Bovidae,Tragelaphus,LC,Bushbuck,Browser,Browser,Foregut,small herbivore,HerbiTRAITS,s1BrowserForegut,5,43.2504,,,,,,,,,,small herbivore,Tragelaphus scriptus,1,0,0,0,Browser,Foregut,32.4378,Small nonsocial browsers,Small nonsocial browsers
Tragelaphus_spekii,Cetartiodactyla,Bovidae,Tragelaphus,LC,Sitatunga,Browser,Browser,Foregut,medium herbivore,HerbiTRAITS,s2BrowserForegut,6,77.9992,,,,,,,,,,medium herbivore,Tragelaphus spekii,1,0,0,0,Browser,Foregut,58.4994,Water-dependent grazers,Water-dependent grazers
Tragelaphus_strepsiceros,Cetartiodactyla,Bovidae,Tragelaphus,LC,Greater Kudu,Browser,Browser,Foregut,large herbivore,HerbiTRAITS,s3BrowserForegut,8,213.501,,,,,,,,,,large herbivore,Tragelaphus strepsiceros,1,0,0,0,Browser,Foregut,160.12575,Large browsers,Large browsers
Tremarctos_ornatus,Carnivora,Ursidae,Tremarctos,VU,Spectacled Bear,Omnivore,Browser,Simple,large herbivore,HerbiTRAITS,s3OmnivoreSimple,8,140.0006,,,,,,,,,,large herbivore,Tremarctos ornatus,1,0,0,1,Omnivore,Simple,105.00045,,
Ursus_americanus,Carnivora,Ursidae,Ursus,LC,American Black Bear,Omnivore,Browser,Simple,medium herbivore,HerbiTRAITS,s2OmnivoreSimple,7,99.9494,,,,,,,,,,medium herbivore,Ursus americanus,1,0,0,1,Omnivore,Simple,74.96205,,
Ursus_arctos,Carnivora,Ursidae,Ursus,LC,Brown Bear,Omnivore,Mixed Feeder,Simple,large herbivore,HerbiTRAITS,s3OmnivoreSimple,8,180.5204,,,,,,,,,,large herbivore,Ursus arctos,0,0,1,1,Omnivore,Simple,135.3903,,
Ursus_maritimus,Carnivora,Ursidae,Ursus,VU,,,,,large herbivore,Phylacine,not_complete,9,388.7504,,,,,,,,,,large herbivore,Ursus maritimus,,,,,Predator,Shortgut,291.5628,,
Ursus_thibetanus,Carnivora,Ursidae,Ursus,VU,Asiatic Black Bear,Omnivore,Browser,Simple,medium herbivore,HerbiTRAITS,s2OmnivoreSimple,6,77.5,,,,,,,,,,medium herbivore,Ursus thibetanus,1,0,0,1,Omnivore,Simple,58.125,,
Vicugna_vicugna,Cetartiodactyla,Camelidae,Vicugna,LC,Vicuna,Mixed Feeder,Mixed Feeder,Foregut,medium herbivore,HerbiTRAITS,s2Mixed FeederForegut,5,47.4996,,,,,,,,,,medium herbivore,Vicugna vicugna,0,0,1,0,Mixed Feeder,Foregut,35.6247,,
Viverra_civettina,Carnivora,Viverridae,Viverra,CR,,,,,small herbivore,Phylacine,not_complete,2,12.7938,12.7938,119.962412905513,9.232081,1,solitary,Pounce pursuit,small prey predatorsolitaryPounce pursuit,CarniTRAITS,small prey predator,small prey predator,Viverra civettina,,,,,Predator,Shortgut,9.59535,,small prey predator
Vombatus_ursinus,Diprotodontia,Vombatidae,Vombatus,LC,Common Wombat,Grazer,Grazer,Hindgut,small herbivore,HerbiTRAITS,s1GrazerHindgut,4,26,,,,,,,,,,small herbivore,Vombatus ursinus,0,1,0,0,Grazer,Hindgut,19.5,,
Wallabia_bicolor,Diprotodontia,Macropodidae,Wallabia,LC,Swamp Wallaby,Mixed Feeder,Mixed Feeder,Foregut,small herbivore,HerbiTRAITS,s1Mixed FeederForegut,2,15,,,,,,,,,,small herbivore,Wallabia bicolor,0,0,1,0,Mixed Feeder,Foregut,11.25,,
Zalophus_californianus,Carnivora,Otariidae,Zalophus,LC,,,,,medium herbivore,Phylacine,not_complete,6,80,,,,,,,,,,medium herbivore,Zalophus californianus,,,,,Predator,Shortgut,60,,
Zalophus_wollebaeki,Carnivora,Otariidae,Zalophus,EN,,,,,large herbivore,Phylacine,not_complete,7,109,,,,,,,,,,large herbivore,Zalophus wollebaeki,,,,,Predator,Shortgut,81.75,,
